,artista,genero,tipo,nombre,anio_lanzamiento,id
0,Danza Invisible,indie,track,Lo que queda del amor,2000,1IlqUDoXCp4Wq5FoOPOCmS
1,Greta y los Garbo,indie,track,Todo,2000,0bmKhOy0RxziKWkgIsHSZ4
2,Víctor Manuelle,indie,track,He Tratado,2000,1BY0hau7A70wT7S8DsQyxE
3,Bonet de San Pedro,indie,track,Carita de Ángel (Fox Canción),2000,2ddI27bwreqSLU2uKgSGT2
4,Meteosat,indie,track,Starship - English Version,2000,2nhtNzoIwzxgqMDHJjc9Tq
5,Andrés Calamaro,indie,track,Jugar con fuego,2000,2Y4AW6LTpQSEpgo01uKpg6
6,Rafael Medina,indie,track,Cinco Minutos,2000,35EXdiVRByymNwgczajPaD
7,El Niño Gusano,indie,track,Yukón,2000,1Wl1mdUDKfPnFmE1CT5qdy
8,Greta y los Garbo,indie,track,Llueve,2000,21OVaMr5lUM7mvwzoV1OJt
9,Parrita,indie,track,La Sigo Queriendo,2000,1XfkvCP2W9xbShmQulSeiC
10,Víctor Manuelle,indie,track,Cuando Tu Amor Se Acabe,2000,2Ip5K2VjN5orAkkcSXge1n
11,Nelson Gomez,indie,track,En Ti,2000,2HWLGRmMwkQMgjIL6iJzFM
12,El Charrito Negro,indie,track,Vámonos,2000,7imZk9wvwxMsOsE8FAy8bQ
13,Nelson Gomez,indie,track,Ven a Mi,2000,4jA9CvSgc7KSbpJyqhJsRT
14,Cheb Rayan,indie,track,Achk Ezzine,2000,7fymd63LCnqjMp1KC0WHWP
15,Nelson Gomez,indie,track,Son Ustedes,2000,1r1zhlzdLXJsljxiMC13yH
16,KC De Leon Guerrero,indie,track,Sitting Home Alone,2000,4czMq35BrCMec0apJGS6j2
17,Keith Frank & The Soileau Zydeco Band,indie,track,Got To Get You Into My Life,2000,124RhNYIx9ocS76TF94UDA
18,KC De Leon Guerrero,indie,track,Pretty Baby,2000,3R6YTVI0HYVkswbbl3lIHR
19,Yam Baral,indie,track,Hasihasi,2000,4nGXen8jD8nKv6Ruyuem2G
20,Hany Shaker,indie,track,قلبي يا كبير,2000,4rq1O19UCx2Na7QkV9RW2V
21,Rainer Friman,indie,track,Hohtakoon tähdet,2000,3uxCoaxn3wcefi4mWJt5Vm
22,C.T. Fernando,indie,track,Sundara Sobana Gammane,2000,5OitRoOoWgAyE6RnCl3GPu
23,Stamatis Kokotas,indie,track,Mia Parenthesis Ke Mono,2000,0l1B1nc3mRITajWxwCaGdl
24,Васил Найденов,indie,track,"Сбогом, казах",2000,1yZJlcxJnbCu9TnuR0rD6w
25,Ernest Tubb,indie,track,Jimmy Rodgers' Last Blue Yodel,2000,24plOBlTorBqTnYKVcoFcq
26,Sauter-Finegan Orchestra,indie,track,Time To Dream,2000,02zCjDHCQRRfv9umZwdv2t
27,Jo Basile,indie,track,Je T'Aime Encore Plus,2000,0l1VmlgGHZXYL0CR27ryRz
28,Stelios Kazantzidis,indie,track,I Mira Mou Ki Ego,2000,7kDZ3bNXP5tO2X9Ja221Jo
29,Lindisfarne,indie,track,Shine On,2000,57eMvbS96z94E6KzRaEOEj
30,Sako,indie,track,Emmsere Ge Mnas,2000,1CURPZdqyTLk03JdMLlSRc
31,Lefty Frizzell,indie,track,A King Without a Queen,2000,7IZvFswdfBm39DyIEkZS9H
32,Titti Bianchi,indie,track,Canzone d'amore/Valzer,2000,31qRLB22MupKBUS2WKHPD8
33,Sunil Chhaila Bihari,indie,track,Galiya Galiya Ghumeey Che Durga Mayiya,2000,6eBFEM0Ls0zy3WOa14cHgv
34,Phương Dung,indie,track,Biển mặn,2000,2dbsRYZgikoKd0vO4EGRON
35,Shaaban Abdel Rahim,indie,track,Al Harrif,2000,0l2qnxWgqwrnkhH5i5VyNn
36,Back II Black,indie,track,Ölelj át - Club Mix,2000,3NZG8MclIHPj8QgHsDpW3Z
37,Jose Melis,indie,track,Over The Rainbow,2000,7GQyVrGnXcX2f2ed2osML2
38,Mộng Thi,indie,track,Chạnh lòng,2000,14rzmhBnwSEu1wYuK3luV5
39,Jose Melis,indie,track,Harbour Lights,2000,6tx07WGjhiNGWG97UHddKh
40,Castellina Pasi,indie,track,Rosario,2000,1138HsGkC0nuJlDNeeoFIz
41,Astrud,indie,track,Cambio de sentido,2000,5q2vrBlUvFxPPSqJIMI72J
42,Jo Basile,indie,track,En Ecoutant Mon Coeur Chanter (All Of A Sudden My Heart Sings),2000,3uxDtWNbEX9hUxsUCvFm4Z
43,Ricardo Braga,indie,track,"Amor, Secreto Amor",2000,29TjIdsUCvNxLhy44aC44A
44,Madan Dipbim,indie,track,Sutukka Aai Mutuma,2000,4Ua73fXsZkxaFVgaK5h5zs
45,Mary Merche,indie,track,A Solas Voy - I'll Walk Alone (Fox),2000,7kcymltHnfgiLBirFRVwn7
46,Sandy Van Ry,indie,track,Alle Lieder Dieser Erde,2000,1CU9ZY1NYf6BF9TU6fuUrH
47,Russ Case,indie,track,Beautiful Dreamer,2000,7LMOuOnVq9jipKCorZFit9
48,Aziz Mian,indie,track,Jo Bhi Tere Faqeer Hote Hain,2000,6h9gKAQDpoWmPwmAjM8aFM
49,George Melachrino,indie,track,Lisbon At Twilight,2000,2bCIOH99kdRw3ZYc7YxtV1
50,Luciano Rossi,indie,track,Se per caso domani,2000,5jxGKJY55v7NPezqefx2Ok
51,ธรรพ์ณธร,indie,track,ยอม (RS.Song of Millenium - Version),2000,7yZVyFizn3S39fpjuDv8AI
52,Manny Albam,indie,track,Chant Of The Witch Doctors,2000,2bD9KI34PIw08q8BFIiWai
53,Dragan Saulic,indie,track,Pusti me da zivim,2000,1OFzGDWzeZkBoAZNzOJL9n
54,Luisita Calle,indie,track,"Tengo Miedo, Torero (Pasodoble)",2000,37QCEeRNP08khvsfGCpLXn
55,Youmni Rabii,indie,track,Agalbi Lah Ihdik,2000,6pUQhOvm1jComMC1fPTJaq
56,Titti Bianchi,indie,track,Picadores (tango),2000,4tm82Xx4S3R14GjY3HPyJy
57,Klaus & Servants,indie,track,Jeg vil aldrig Glemme,2000,0Xq0wsMBWXd41SaWSIoGmU
58,Nia Daniaty,indie,track,Yang Lalu Biarlah Berlalu,2000,7HVGg01RNOW7CzDDZJTloL
59,Dan Toren,indie,track,אמיתי וטעים,2000,4J7H2FoTXp3Z0s6ujeaBOE
60,Alma Cogan,indie,track,I Can't Tell a Walt from a Tango,2000,7LMJX79hRjNI2pA1Qmb7mP
61,Betharia Sonatha,indie,track,Ditingga Uda,2000,7BlvoMjBg9MR6k4alJ3QaA
62,Ita Purnamasari,indie,track,Jangan Biarkan,2000,25B8S1czDr18GK8rCoxRpo
63,Kondio,indie,track,Хайде на море,2000,3EnOVBPtzfaxLYckZAxpTl
64,Ciranda Flor Matizada,indie,track,"Lendas, Contos e Mitos",2000,1ru4y2qSLNoQIbYyz0qLUz
65,Dạ Nhật Yến,indie,track,Triệu Đóa Hồng,2000,6UJyBT8I5XOkk62sgQ4bJU
66,Bahrâm Sârang,indie,track,Del o Din,2000,5djUV5Ec8UxRjyFxEB8xme
67,Ulla Pia,indie,track,Hallelujah,2000,2ddKqIq9neB7v1Ff5huyeD
68,Sunil Chhaila Bihari,indie,track,Goadbo Godanwa Ge Goriya,2000,1t1x65uxSVNtSk0OI583FH
69,Janaka Wickramasinghe,indie,track,Rosa Kandu Thala Yahanatha,2000,6UaT2VNv6vZWNbpxcTjG4E
70,Marty Paich,indie,track,But Yours,2000,0b9JqMBHsQJvcp79LfWVMk
71,Thùy Dương,indie,track,Chị Tôi,2000,2YEvpAZLmRVnam3Stw0upv
72,Paolo Mengoli,indie,track,Occhi,2000,5dZ8cSmLMy1Du0V62EZW6W
73,Bay City Rollers,indie,track,Remember - UK Single Version,2000,2xmzditdcdGH5Y8lUSGQme
74,Albert Hammond,indie,track,The Free Electric Band,2000,4J88ldoeHiPMaFqjIH6OKA
75,Ngọc Huệ,indie,track,Tình chất ngất bên anh,2000,5q2jvqYrIphvZaFcHoOLfT
76,Ted Heath,indie,track,The Blue Room,2000,6h9uMmB2hwHetF6JtIh5Uk
77,Jo Basile,indie,track,Piano De Rauvre,2000,4Elc1No0KIcU7EHA4M0m2p
78,George Morgan,indie,track,It's A Sin,2000,0wLK9iaknnOyKj8dR0qjUh
79,Stonewall Jackson,indie,track,Waterloo,2000,3MbdRKfqG7BE8lgCeT2TRB
80,Rinus Okken,indie,track,Jij Maakt M'n Leven Mooi,2000,4BvsuLC7ZpPzoAXTf5GycX
81,Back II Black,indie,track,Ölelj át - Cool Mix,2000,4vYz4R2hUagPi6kXfbQSmX
82,Yosef Moshe Kahana,indie,track,"Shabbos Melody 1,2",2000,7jJngQtE1BuQWTK6oDZdll
83,Ahmed Hassan,indie,track,Aouam,2000,2XiIkJEGZ5gm2GNH1Eyo5L
84,Michael Kwan,indie,track,愛的音訊,2000,3LpkSJI1HRQ8ZCiSN4oq2I
85,Parvaneh,indie,track,Postchi,2000,49GFHqFS6URUFaGVteHLxc
86,MANOJ TIWARI,indie,track,Phir Bom Ke Nara Ke Gunj Gayil,2000,06mEOPjEq3D0BzroYFXg5E
87,Trang Thanh Lan,indie,track,Đưa em vào hạ,2000,21f0VjtXdHcf6KJwJVbwzW
88,Stefani,indie,track,Izpoved,2000,0b1vQuYVGjpeQPb2QHHAhm
89,Angela Maria,indie,track,Na Baixa do Sapateiro,2000,6qSj8ye7P2suq5JnqoXbyh
90,Bozo Vorotovic,indie,track,Hajde opet prevari me,2000,0nupVA6VXMkPRocy39h0mc
91,Shang Guan Ping,indie,track,三年別離又相逢,2000,2ciib2UJzNfjbROsJw8Nmn
92,Geeta Patnaik,indie,track,Baha Mu Hebi,2000,569L8tjrV6cRC0iRXrIEFn
93,Pop Shalini,indie,track,Us Se Bada Sabhaga Na Duja,2000,7HaIyVKPAJG3Wv5IvyROuA
94,LMNOP,indie,track,High Potential,2000,0rOW1CuSrwGvhm4IzwEMP4
95,Jonah Jones,indie,track,Isle Of Capri,2000,3sG04gJJkajnjdc7yw3KX1
96,Shaaban Abdel Rahim,indie,track,Had Gherna,2000,6QuMxBsCAtxp7Y5eLdo4HD
97,Harbhajan Shera,indie,track,Pind Vich Mitran De,2000,1wIGmqxJMQxDcpH0eYxcOI
98,Hà Thanh,indie,track,Lạy phật chứng tri lòng con,2000,6kwQlu5Diy02on215tH62H
99,Jonah Jones,indie,track,Poor Butterfly,2000,3KDX9xwx5atVUuIiINCvid
100,Al Hirt,indie,track,Fidgety Feet,2000,6vEswvmzdNJasKjq7SN17H
101,Shambhujeet Baskota,indie,track,Dherai Din Bho,2000,6EvNvLNe0lQS7iJazwcFIy
102,Durga Rangila,indie,track,Channo-Channo,2000,5Yfemi1NDbyiHb1mdRYgVw
103,Lâm Nhật Tiến,indie,track,Tình Yêu,2000,4ESnvGarafpNTAf0NCEKeg
104,Hợp Ca,indie,track,Ly Rượu Mừng,2000,3mdei8inJnJBtprytI4eGK
105,MANOJ TIWARI,indie,track,Piya Pardeshiya,2000,3PShllc0RIddBUCO9aepNJ
106,Ulla Pia,indie,track,Jorden drejer stadig rundt,2000,0e5xmJxII3xp2OpyM2YUlR
107,Oto Pestner,indie,track,Če bi me ljubila,2000,7JYb5WRMMkK0AMbipLbnKq
108,G.G. Shinn,indie,track,Heartbreak,2000,1Lqy0w4Q0HoUlcXwIpXKW7
109,Grupo Raíces de Venezuela,indie,track,Dame un beso,2000,1svf8xWVnImAS4WpnuHSuL
110,Bobby Rydell,indie,track,I'd Do It Again,2000,6Xa5mVex7fQtgPSp8GchAE
111,Sunil Chhaila Bihari,indie,track,Chakay Ke Chak Dhum Makaiy Ke Lava,2000,4USczdVO6NzWTUPl6XhqHV
112,Raquel Rastenni,indie,track,Har du solskin i dit hjerte,2000,1SiT1rYHe9J02QabFyHK32
113,Bobby Rydell,indie,track,Ding-a-Ling,2000,1EnCdw3HgO34tJfMiFNafo
114,Aurelio Fierro,indie,track,Lazzarella,2000,0QPWrhawKAPoNWy1nLdgQX
115,Tanya Boeva,indie,track,Molitva,2000,7FT6WNjWBrPqr5ziXuUGi7
116,Phương Dung,indie,track,Biển mặn,2000,2dbsRYZgikoKd0vO4EGRON
117,EDX,indie,track,Gonna Catch You - Radio Classic Edit,2000,4rqCdunW2Qoal9ktjTCjWF
118,Pınar Eliçe,indie,track,Yalan,2000,0l1GpVWsX2HBghG9K6PUnI
119,Hugo Winterhalter,indie,track,Carol Of The Bells,2000,3MkyXyGhxZSjFZhsctu0j4
120,Mary Merche,indie,track,A Solas Voy - I'll Walk Alone (Fox),2000,7kcymltHnfgiLBirFRVwn7
121,Lefty Frizzell,indie,track,From an Angel to a Devil,2000,57lY2pVrFMHuCpqSuQncz3
122,Aziz Mian,indie,track,Jo Bhi Tere Faqeer Hote Hain,2000,6h9gKAQDpoWmPwmAjM8aFM
123,Naseebo Lal,indie,track,Takan Jadon Chan Wale,2000,1c4H0kBt4jNQPo1qHMyBBO
124,Marty Wilde,indie,track,Little Girl,2000,5IwTbPkshOeyOSgMZWsh5n
125,Milt Buckner,indie,track,Let Me Love You,2000,0R77LHwHVtOs7YMwzUJYd4
126,Bằng Kiều,indie,track,Còn Mãi Nhớ Thương,2000,3EoNT2FYa9emkV5vGionih
127,Jose Melis,indie,track,My Funny Valentine,2000,5wqrj6WXHV6JGuALwRV0uq
128,Rania Kurdi,indie,track,Rahant Aleik,2000,2zmkgjGzax825nbSq2qRhU
129,Kim ANh,indie,track,Xuân họp mặt,2000,5W726EJkNIatjlbLKwgvas
130,Dạ Nhật Yến,indie,track,Yeu Tham,2000,1GAuzPUQRt7xruUZcQ15G8
131,Aurelio Fierro,indie,track,Zappatore,2000,7eXQZT96AZkQIyykCthJeV
132,Владимир Высоцкий,indie,track,Романс миссис Ребус,2000,6GHNQ0oKKUhjAJ1sPHHMg1
133,Lecia & Lucienne,indie,track,Waiting on the Corner,2000,2NAmFXndkMLAeDarX1Xaov
134,Diana Pequeno,indie,track,Anjo de São Raquel,2000,07BU6XLEdREI5M3n5Cqico
135,David Brookings,indie,track,Strawberry Fields Forever,2000,3qlQA8hOP4THchsLoSktkk
136,Raquel Rastenni,indie,track,Min sang til dig,2000,3VPd8MHWHHGgo3y8j5XgH1
137,Aleksandr Marshal,indie,track,Снайпер,2000,6WtmAmIPU4jnxg9qPG0QgR
138,Marty Paich,indie,track,Honeysuckle Rose,2000,2uUzcqe7StUFff9sxXODUD
139,Herman van Veen,indie,track,Alles Werd Anders,2000,7wIJmM62C7f2okiDJxgIMr
140,Rahman Asadollahi,indie,track,Gozum Yashla Dolmasin,2000,5oW0vEs3N0aHSsquASEVHw
141,Sunil Chhaila Bihari,indie,track,Happy Chirstmas Aaya,2000,1hF3M7pyxJ0Dmc1T5nJrkm
142,Gitte Hænning,indie,track,Jung Sein Ist Nicht So Leicht,2000,5tKtgw6zxOzAhYoOTJIn3v
143,Pop Shalini,indie,track,Us Se Bada Sabhaga Na Duja,2000,7HaIyVKPAJG3Wv5IvyROuA
144,Suresh Wadkar,indie,track,Hari Ala,2000,0ddkQeCnRPFSpaGEE7tfPq
145,Vaishali Samant,indie,track,Ambecha Gondhal Ghalaycha,2000,0bWeN7dtkjGgEzvshpuqp8
146,Roberta Cappelletti,indie,track,L'amica mia (moderato),2000,4FgyBz4NHXg9LaPuokSaR9
147,White Plains,indie,track,Concrete Jungle - White Plains,2000,4RdfjVlc7zxuATIXWVHOuu
148,Eino Grön,indie,track,Tango d'Amore,2000,1pqQmVYddV84Z7P8EDZEAv
149,Jan & Dean,indie,track,We Go Together,2000,2sMGhhWcdN3UavY5dArlXr
150,Kai Winding,indie,track,Thou Swell,2000,4i4dtyPQjedVeNWw9lTIcj
151,Youmni Rabii,indie,track,Bidaouaite,2000,7bp8PR5vr4R7by1QrZxGiZ
152,Al Hirt,indie,track,Royal Garden Blues,2000,3ac9gj6TLvy5rSUzWSNBlj
153,Miguel E André,indie,track,Quando o Amor Chama,2000,3DyOVXcXZ6VEPVAG7wqMdB
154,Marty Paich,indie,track,Little Rock Getaway,2000,4BxDCa4oxaZaVRa574H8D8
155,Shorty Rogers,indie,track,Michele's Meditation,2000,0mtnmYkvfZiOKYDakUuClj
156,Chava Alberstein,indie,track,את כל פלאי הקיץ,2000,4ZZdCQctJUX7TB6Nodj3vV
157,Giao Linh,indie,track,Trả Lại Thời Gian,2000,1LHjgJOjtX8z2smV0u8348
158,Dave Pell,indie,track,Look Who's Dancing,2000,4uz4iquqAONVuzdHeIO2cp
159,Shorty Rogers,indie,track,The Line Backer,2000,3MqvxzAOthgQo5OiuYKzKH
160,Ana María González,indie,track,Dos hermanos (corrido),2000,6Pd2txgnSvRWmVXMv9DxCp
161,Al Hirt,indie,track,Brotherhood of Man - Remastered - 1999,2000,5vnwWxXN2tQ7lNLO6jcUkI
162,Bardot,indie,track,These Days (DJ Clinton Remix),2000,54ZEOxMSCaAjVK6AXDKRic
163,Vishnu,indie,track,Swarna Bharana,2000,7306lWFNRCspAUJbmP5CIs
164,Cungen,indie,track,The Beautiful Place (Mei Li De Di Fang),2000,2peEhC74gttm1EeC81rXbR
165,Erik Paaske,indie,track,Kip-Kalv-visen,2000,14t99RJe4N5PnXRcEJES2h
166,Skamp,indie,track,All in My Mind (Freestyle),2000,6iDY9NkiXqjVi7LS2Nbc7a
167,Youmni Rabii,indie,track,Baghi ntzeouj,2000,6kx5tlE7s1moRSWBpF3z5E
168,Trang Thanh Lan,indie,track,Đưa em vào hạ,2000,21f0VjtXdHcf6KJwJVbwzW
169,Yuni Shara,indie,track,Pelangi,2000,29dR8kGT5h7KnBM44zSCr1
170,Hedi Habbouba,indie,track,يا نجمة في السماء تلالي,2000,0NvfnSUrk0j5zjQFAzgoLi
171,Abdujalil Qo'qonov,indie,track,Shohida qiz,2000,1tbMqvxrmsZhXgczO7vDz2
172,Stamatis Kokotas,indie,track,Pio Monopati Na Diavo,2000,4SY55gcmiS8p9LAHBjbtkS
173,PRO BRASS,indie,track,F. Z. - Echidna's Arf,2000,07AzqVpmKiUqb00PbUxEFx
174,Kithsiri Jayasekara,indie,track,Nagena Waira Ginidal,2000,34HYEROVJvTW2aWWigNtWF
175,Khánh Ly,indie,track,Bóng Trăng Xưa,2000,1anlFycjxFBd52rWggpuPV
176,Богдана Карадочева,indie,track,Лунапарк,2000,0sLaBxmRt2Z4TCBrZIuQs1
177,Hà Thanh,indie,track,Lạy phật chứng tri lòng con,2000,6kwQlu5Diy02on215tH62H
178,Dakis,indie,track,To mialo mou ehasa,2000,49Ho6ZU6eAzyXSXUCGkwYa
179,Medhat Saleh,indie,track,Atshan Ya Snen Hwaya,2000,21f4b0yZ9QFRMaZ4eTF9CP
180,Don Elliott,indie,track,Catana,2000,21gGFLb1S8WRDfynEIMjge
181,Olivier Hecho,indie,track,Your implicit faith in the flow and ebb,2000,7djulI2NfJnxIw1RHCGmih
182,Titti Bianchi,indie,track,Picadores (tango),2000,4tm82Xx4S3R14GjY3HPyJy
183,Luisita Calle,indie,track,Gitana (Bolero),2000,1dQN3ro9JAV0Cq0gGOOhX1
184,George Morgan,indie,track,It's A Sin,2000,0wLK9iaknnOyKj8dR0qjUh
185,Shazia Manzoor,indie,track,Baanwan Vich Laal Laal Choriyan,2000,301tMHIBOZqQh9yTLnLsYs
186,Irena Starošaitė,indie,track,Šviesa lange,2000,5W63axlUsfJUgICU5vEJR9
187,Titti Bianchi,indie,track,Il primo giorno senza te/Valzer lento,2000,3c1rcvDznc18gLJyY1WklO
188,Sanjay Londhe,indie,track,Daitya Hine Marila G,2000,31PqBsY1kbU1e9lFclHvjA
189,Tony Mottola,indie,track,Bugle Call Rag,2000,5EsIaN6ZuzXhi4RlWn6UFQ
190,Lehakat Geisot Hashiryon,indie,track,"שיר הרס""רית",2000,1SZCbyAab4G3MLs2jHZG8F
191,Cheb Mami,indie,track,Chedi bentek,2000,7ExXQ48GRqSWqKLv9FzldY
192,Pedro Miguéis,indie,track,Voar (Até Ao Céu),2000,62x38Iy3ZKRuAQ3djGCSLz
193,Andris Skuja,indie,track,"Dzīvīte, Dzīvīte",2000,2ilfkNjbLqNoDfuqJ6KIkH
194,Quang Vinh,indie,track,Biết Vâng Lời Mẹ,2000,5hRGkarsYAdI0NcP8JKE41
195,Teresa Teng,indie,track,再會吧十七歲,2000,1ifgvN1dyIdgyZ0E7qP200
196,Krishnaraj,indie,track,Thillana Pattu Padi - Remix,2000,4Zbp8i1fHaW5KM4XCP7w0a
197,Khánh Ly,indie,track,Lời Nói Đầu,2000,3MrRB8zWr5DHTplCS17ai3
198,Anand Shinde,indie,track,Hans Ki Kahani Suno,2000,1SZdPI70IF1GvhwGrhuCol
199,Chung Tử Lưu,indie,track,Hãy Quên Anh Đêm Nay,2000,7swMJ35lzdcOtismzfwMG2
200,Ingus Ulmanis,indie,track,Neverland,2000,1fuaJqxFjOlaOFfE2kjxUe
201,Mario Visconti,indie,track,Está Muy Bien (Rumba),2000,7hal0IMMiN3pgmIC8mzFVu
202,Erik Paaske,indie,track,Mor Danmark,2000,0lwiVfDyAB6BdUVyzaVHQA
203,Honey Family,indie,track,여행,2000,2T8R2YmpxbfvVHOWzSS7fv
204,Kai Winding,indie,track,Old School Ties,2000,7Lr6qQjb5f3OhNclI8R7cq
205,Mat Ngoc,indie,track,Mùa Xuân Sang,2000,0uVY1ENTeawPuCUSAIgfzz
206,Diana Pequeno,indie,track,Anjo de São Raquel,2000,07BU6XLEdREI5M3n5Cqico
207,Stanislav Procházka ml.,indie,track,Příště to vyjde,2000,55UDSWCLZFqANMKW7bvwQj
208,Zahouania,indie,track,Zid Tgarad,2000,2IntfxqW45okTchJRmlGoq
209,Bharat Sharma Vyas,indie,track,Raure Vinti Karila,2000,7q8FFNZthcpCK8KsXzF02G
210,Teresa Teng,indie,track,賣菸姑娘,2000,5jpMofRzzVHmF2DpaVUOef
211,Dạ Nhật Yến,indie,track,Trai Tim Khong Ngu Yen,2000,3HmihhCHjpFJB42V40SCFT
212,Olivier Hecho,indie,track,Your implicit faith in the flow and ebb,2000,7djulI2NfJnxIw1RHCGmih
213,Sarolta Zalatnay,indie,track,"Óh, ha milliomos lennék",2000,5dZcgnVyQx7r6UBaVrOHJV
214,Maria Faradouri,indie,track,Ime Tou Erota Pedi,2000,1VUUkHoYE5V2l6BWvNNegQ
215,Dræsinebanden,indie,track,Den erotiske frier,2000,50cwN73q0aF3tovINkLgFO
216,Edoardo Vianello,indie,track,Nasce Una Vita,2000,77rNqhLCzxp9JV8QZtTLE9
217,Chucho Avellanet,indie,track,Te Sigo Esperando - Bolero,2000,2R0qekSiU2vZSM3bOjMNu2
218,Excesso,indie,track,Não Quebres O Meu Coração,2000,1UvKbGHKo712TEUS8J1R2Q
219,Suresh Wadkar,indie,track,Gajananna Sadhguru Raiya,2000,1jvsum4r8eaPBjhPp0zT08
220,Mario Visconti,indie,track,Cubanita (Son Cubano),2000,19QQUU7LZv5icKd0bmS6e5
221,Shang Guan Ping,indie,track,花外流鶯,2000,4nN4alk2Rq1iNsEpFkdPhR
222,Lisa Mychols,indie,track,He's The One Island-Style,2000,1yTpjOt2IY9tHmCng46fbY
223,Earl Bostic,indie,track,Lester Leaps In,2000,3SuD75smLGpSnz2utH6jIt
224,Hassan El Asmar,indie,track,Shofoo Habibe,2000,3NCwFrN9zy67i0bGQabv6M
225,Baraflokkurinn,indie,track,Motion,2000,47NHXNgTuMKiyJKWrGQ5fR
226,Suresh Wadkar,indie,track,Rusanech God Aahe,2000,2KL1Bn2w6EeuQwWHxBLqnB
227,Los Black Stars,indie,track,La Piragua,2000,47OZ3PcgCQjO417m7hBdl6
228,Earl Grant,indie,track,Island In The Sun,2000,6Y6LxclZrjqfNGcyGNjKrD
229,Billy Vaughn,indie,track,Moonglow,2000,3uQzdKYnFmM1n66r2FD9PD
230,Gary Morris,indie,track,Little Drummer Boy,2000,2oNqxrttCSLXcLJlfF3uOY
231,Rocío Jurado,indie,track,Ese Hombre,2000,3SGwHoC9538TctzJ1ytYCD
232,Богдана Карадочева,indie,track,Лунапарк,2000,0sLaBxmRt2Z4TCBrZIuQs1
233,Dharampreet,indie,track,Tera Tera Toli Janda,2000,1jThvI2tNwYckAifkBeEBY
234,Shambhujeet Baskota,indie,track,Dherai Din Bho,2000,6EvNvLNe0lQS7iJazwcFIy
235,Ami Aspelund,indie,track,Kun pois hän on - A Friend My Friend,2000,1109PBDrS94Dn2TRle61Li
236,Ted Heath,indie,track,My Mammy,2000,36EFhZyHfznMwPSSK6415k
237,Honey Family,indie,track,Free Style Track,2000,5Vv8pNyUjrlCJno7ErF3fB
238,Afon,indie,track,Ari-Ari,2000,4zlVnOQlJxSjvmmU07wqH6
239,Doctor Explosion,indie,track,Inútil,2000,4VsLPAfE14epBj9P0PYEh2
240,Orietta Berti,indie,track,Trippy,2000,5sLELYBmCesUXJIkjAQcYW
241,Andris Skuja,indie,track,"Dzīvīte, Dzīvīte",2000,2ilfkNjbLqNoDfuqJ6KIkH
242,Karnail Rana,indie,track,Hey Kangda Kaali Dhara,2000,24A0ab6UeT7KOJknOqKQal
243,Ana María González,indie,track,Dos hermanos (corrido),2000,6Pd2txgnSvRWmVXMv9DxCp
244,Teresa Teng,indie,track,心愛的娃娃,2000,3DQwD2RUC3f6NSC3ermcnC
245,Lee Mi Ja,indie,track,Youthful Confession,2000,113IU3opvW5rhVA3coZyDo
246,Ted Heath,indie,track,Exactly Like You,2000,7eBtoOwS9dchcGMHOtg6YG
247,Yosef Moshe Kahana,indie,track,"Shabbos Melody 1,2",2000,7jJngQtE1BuQWTK6oDZdll
248,Jitka Zelenková,indie,track,Rád - Reggae Version,2000,75WQ2QdM9caUARWkN7nKOH
249,Debabrata Biswas,indie,track,Hei Mor Debota,2000,0bA4ImvdmpjpxLF5WnCICO
250,Julie,indie,track,Bản tình cuối,2000,3T9MiEOGzVW9jx4YsqWiR1
251,Subhani Harshani,indie,track,Gimhanaye,2000,1cfacge1o3SpZGgcDiAPxS
252,Eino Grön,indie,track,Minun jouluni,2000,1YFAGLgOXBob3qEVGRsSiB
253,Debabrata Biswas,indie,track,Mor Pathikere,2000,0VWY9fbJCxKKoVQxCvEKMA
254,Sekhar Ghosh,indie,track,Kanhu Katha,2000,3lo4XcQNBxwrvwCmLXaPPE
255,Vaishali Samant,indie,track,Kanhoda Kanhoda Kanhoda,2000,7K3syIUKgNscEYA7Ebq0Jq
256,Klaus & Servants,indie,track,Jeg vil aldrig Glemme,2000,0Xq0wsMBWXd41SaWSIoGmU
257,Stonewall Jackson,indie,track,Waterloo,2000,3MbdRKfqG7BE8lgCeT2TRB
258,Pavlína Filipovská,indie,track,Pouťové Limbo,2000,2sMZ5hXAJcSVk4lZeb2yoG
259,Rinus Okken,indie,track,Jij Maakt M'n Leven Mooi,2000,4BvsuLC7ZpPzoAXTf5GycX
260,Khánh Ly,indie,track,Bóng Trăng Xưa,2000,1anlFycjxFBd52rWggpuPV
261,Marty Paich,indie,track,Little Rock Getaway,2000,4BxDCa4oxaZaVRa574H8D8
262,Shorty Rogers,indie,track,Michele's Meditation,2000,0mtnmYkvfZiOKYDakUuClj
263,Massimo Ranieri,indie,track,O Tammurraro - Live,2000,0EKU2Sm1fJJygoMVq7pAAy
264,Teresa Teng,indie,track,苗女弄杯,2000,7MmHY8RmSikCkeg8U1RIfH
265,David Brookings,indie,track,Strawberry Fields Forever,2000,3qlQA8hOP4THchsLoSktkk
266,Khánh Ly,indie,track,Lời Nói Đầu,2000,3MrRB8zWr5DHTplCS17ai3
267,Pedro Miguéis,indie,track,Voar (Até Ao Céu),2000,62x38Iy3ZKRuAQ3djGCSLz
268,Aleksandr Marshal,indie,track,Снайпер,2000,6WtmAmIPU4jnxg9qPG0QgR
269,Sơn ca,indie,track,Lý Chim Quyên,2000,2IKs5IQzNFwBs299DXttHa
270,Earl Bostic,indie,track,Dunky,2000,4V6tcLqeDPncAn6Wn9KEW5
271,Barimar,indie,track,L'emiliana,2000,0SavvZyGHQMQnTCueQwNxg
272,Ethel Smith,indie,track,Blame It On The Samba,2000,7Ga1xwtMQgGnVgVYCY4WOe
273,Paolo Mengoli,indie,track,Far l'amore insieme a te,2000,0qKyM2XxSdSpINSTy0qoIo
274,Adil El Miloudi,indie,track,N'jibha Almania,2000,65QqZWqSCMu7XgL7xqjxDe
275,THE YELLOW MONKEY,indie,track,Stone Butterfly,2000,3t9WsoU3yo0GGzupyIlWNA
276,Jose Melis,indie,track,Close Your Eyes,2000,65Y99uarHbDwvdrOIE4D7K
277,Natikaji,indie,track,Dhalki Dhalki Nahinda,2000,0ZJSFwK94wInSZ9uhbJP7S
278,Phượng Mai,indie,track,Khổ Qua,2000,0WnVom3ZtVMpYzSXH6S2NG
279,Aurelio Fierro,indie,track,Lazzarella,2000,0QPWrhawKAPoNWy1nLdgQX
280,Al Hirt,indie,track,Lullaby Of Birdland,2000,0qqxFgDIwuptAHlnFdsoWO
281,Deva,indie,track,Occhio al Flow,2000,0UrvanJQFoFMjDr2C3JkUR
282,Deva,indie,track,Varuven,2000,4kyAq2v6XfXAvMHeVHtowA
283,Ali Bin Mohammed,indie,track,فدوة لعيونك,2000,6bznAF5F0GM5oDOvKcFBeU
284,Jo Basile,indie,track,Rosa De Valencia,2000,4jyZIMUCx4zMySaXmF4d8H
285,Phượng Mai,indie,track,Giọt Buồn Không Tên,2000,2EjLrVJ7vrB2XZCdfN9ze8
286,Dave Pell,indie,track,Stardust,2000,43YyEw9COcnAXzpkIsUTTn
287,Pérez Prado,indie,track,My Roberta,2000,5CFuwjQMUZbr5SVr4opEF4
288,Radhe Shyam Rasiya,indie,track,Tooti Na E Tait Ba,2000,24SGwBRCNgpBNiTrSdt8Ma
289,Nino,indie,track,"Morala si, morala",2000,7MatU1htX00M9V6HBx54TR
290,Honey Family,indie,track,축하해요,2000,5iwBkUrLI8dnGugrk2hdAb
291,Marty Wilde,indie,track,Don't Pity Me,2000,79AN5Tvth6mG7Y4wW4ORfF
292,Rasoa Kininike,indie,track,Cherie tsy mahefa,2000,1O36TieSZ3LFMX9QEO8yEz
293,Sabah,indie,track,Khallihom Mehtarin,2000,1mJBxa2wSRHzPPASehL0Ot
294,Lệ Thu,indie,track,Chiều Tím,2000,49CbQAASTxJWr3FeGznGzO
295,Youmni Rabii,indie,track,Bidaouaite,2000,6Lofke3aLqp4EgjkPP8C3v
296,Hồng Trúc,indie,track,Tâm Sự Đời Tôi,2000,6rz4L3B3VUAIBbLCMwhWkv
297,Bathiya & Santhush,indie,track,Ayubowan,2000,5l0UMl0TKdinFmFVq1KScJ
298,Yosef Moshe Kahana,indie,track,V'reu Banav,2000,7JCwcTHB50KprBHPt23R52
299,Paolo Mengoli,indie,track,Medley 70: La mia banda suona il rock/Figli delle stelle/L'Angelo azzurro/Occhi di ragazza,2000,0V0EYY08raubWwYWaLyPWi
300,Marisol,indie,track,Dos Estrellas - Remasterizado,2001,6o4DmVASdG779R7rIdg6Fz
301,Víctor Manuel,indie,track,Solo Pienso en Ti,2001,0LrEzFpQyP2YiJsdwKERBA
302,Danza Invisible,indie,track,El Legado,2001,3OLULhlsErvO35DdUA8hil
303,Juanita Cuenca,indie,track,Faustina (Baión) - Remastered,2001,3O0jKp8zdDadJY4jV7mxFC
304,Ana Belén,indie,track,Responde Tú,2001,7xgoCehsBW1KjHObjbFmb7
305,Australian Blonde,indie,track,This Road Will Never End,2001,5i8a6hCzTD74juabWcr5q9
306,Danza Invisible,indie,track,Tú me diste,2001,6qz3YB4OSOgtJ40BxioxSK
307,Ebiet G. Ade,indie,track,Tak Pernah Pupus Rinduku,2001,6llxgKI0SMXpfbu4Ty4WWM
308,Suresh Wadkar,indie,track,Kamal Netra Stotra,2001,60x0YpGXtusEukcCUupTH0
309,Kim Marques,indie,track,Mulher Demais,2001,5jAGh4Vdrq2eh64C6SGRhk
310,Ebiet G. Ade,indie,track,Dimanakah Matahariku,2001,4IZ9Pe7G889aN6cWPVkqgA
311,Fernando Mendes,indie,track,Voa Pombinha,2001,6kXpnOoa3PK3LCuwkeiQ5B
312,Noor Jehan,indie,track,Teri Saanson Ko Saba,2001,3ux8OXdUIa6E5jeA6lOXBM
313,Yến Khoa,indie,track,Mưa Trên Phố Huế,2001,7E4ShbMtTCIVuVby17b1Sn
314,Sexy Sadie,indie,track,Someone Like You,2001,5q1LX0ilzGkuBVDX9Rgbdr
315,Doğuş,indie,track,Ağlıyormuşsun,2001,51cVOJXRX6wlEEVjvgX38X
316,Staffan Hellstrand,indie,track,Vackra vita dagar,2001,5UlcZ8i10CQdywRQuYNZqi
317,Sanju Rathod,indie,track,Babaji Da Mandar Pyara,2001,3h5FqeUbwwnE9YU0JpgGsX
318,Wanderlust,indie,track,It's Ok !,2001,660W6WZEdadLmo1jUON1uy
319,Suresh Wadkar,indie,track,Om Anjanisutaiy (Shri Hanuman Gayatri Mantra),2001,0F687KHTSGvIpZRi5xkqQg
320,Raaj Begum,indie,track,Makki KIs Tahis,2001,6ZpfLLYbyhaUVW04EJat7J
321,Mazā Ģilde,indie,track,"O, Marianna",2001,0zW4VH4YIpkikfh7cDOWFZ
322,Angela Dimitriou,indie,track,Pia Ehi Sira,2001,6XwPrxoNTDCHN4BoLaDXXr
323,Gretchen,indie,track,Coração Apaixonado,2001,7q06lF9jXrbktbKO8ZfGAo
324,Ebiet G. Ade,indie,track,Kalian Boleh Coba,2001,20ZzUk5ODaMEdy6acTWqgT
325,Valeria Lynch,indie,track,Sin Piedad (feat. Jorge Serrano),2001,1kxzrW8JVuj2IPxGfSYnmX
326,Anand Shinde,indie,track,Ball Daboon Kelaay Chapta,2001,5uuGvy1fTyhbGtD4cw6iv4
327,Colinda,indie,track,Ze Zeggen Dat Alles Slijt,2001,19ON1nYp2z2kWVigda3uaq
328,Andréa Pinheiro,indie,track,Cabocla Malvada,2001,7L3ZmkCzlTxZOUAJJcDLUH
329,Claude Gray,indie,track,Uncloudy Day,2001,7q0ThiyElihcNtxBRa9aKi
330,Ivica Serfezi,indie,track,Zov Divljine,2001,0eKkRCLCdt0JdYyuybVCzm
331,Carlos Jose,indie,track,Não Fique Assim,2001,56At6LW1GzjJTagP3OE3XO
332,Pino Villa,indie,track,L'aceddu mi scappau,2001,5nzihUEaeoJq8OtRMUM5Kz
333,Thanh Lan,indie,track,Trả Lại Em Yêu,2001,6PCcfflCOklxhngxsCC3CD
334,Trịnh Vĩnh Trinh,indie,track,Có một ngày như thế,2001,3q0KaeV9VFETsWdxGECwz3
335,Juanita Cuenca,indie,track,La Niña Encerrada (Bolero Rítmico),2001,390OgOrjNRJT89JJtuu40D
336,Suvarna Mategaonkar,indie,track,Zhinguan Tufaan Rati,2001,6sAjHpBDoAuVT0WTbURDpC
337,Lee Sun Hee,indie,track,in going live,2001,2wQ5nRGawd2N6CiHAbOQ4F
338,Enrico Musiani,indie,track,Insieme a te,2001,5CxfdzK5KMvmvtuHq85B9R
339,Sai Htee Saing,indie,track,Thay Aung Thar Ywar Par Moe,2001,6S0tLQl1smx8tTiB8MtfpT
340,Chế Linh,indie,track,Nối Lại Tình Xưa,2001,5FktsqTYUKuTwIcyQLDshf
341,Anupam Saikia,indie,track,Xhunaru Fulile,2001,4VcaA6lOSlHbBzIlJkNBmH
342,Ellos,indie,track,Tú Primero,2001,085xjRbX74XxG5V1CRKf7M
343,Arsen Dedić,indie,track,Rođena Za Mene,2001,4sHHLwuutRhOtw7vXzztme
344,Mario Visconti,indie,track,Una Lágrima Tuya (Tango Malambo),2001,6SfITjDyLw0Inue1T61RV8
345,Ana María González,indie,track,Timidez (Bolero) - Remastered,2001,6goqRxpMtIrSwtdljL3XDy
346,Paulo Diniz,indie,track,O Chorão,2001,7q1Cgeveq0osOLIsEaAgpz
347,Mộng Thi,indie,track,Dòng sông hò hẹn,2001,6dlscDxD7bfxcHmq9B4djD
348,Jaswinder Brar,indie,track,Hove Dharam Di Rakhi Karni,2001,3UdXnC6pzmZrOdzHTIZQqL
349,Lee Greenwood,indie,track,Joy to the World/Hark! the Herald Angels Sing,2001,5fwolEdIFZxmfc77zTnnB3
350,Lopamudra Mitra,indie,track,Thamma,2001,44Y1Yapyd6nAoxZpAUwOP4
351,Hương Lan,indie,track,Ru Em Vào Mộng,2001,04S2WXPLG9q1QkHkgyQqJT
352,Lâm Nhật Tiến,indie,track,Nếu Không Có Em,2001,5nyIBX4evnt4efLWHyDbvW
353,Ayongzerang,indie,track,Journey,2001,6wOxSx5nKjmQYhtm3MxQjo
354,Balqees,indie,track,قلي ياحلو,2001,0YUHzN634TzAozRfGEujQK
355,Guddu Rangila,indie,track,Baanla Ke Saar Sab Koi Bigaadla Ke Paahuno Na...,2001,68xFiI6WrUv7Wvzx0LkpbR
356,Александр Барыкин,indie,track,Синий цвет,2001,4MtdvEEWsW3BiSdfsdxgfR
357,Bhikari Bal,indie,track,Duniyare Jebe Dinapare Raati,2001,6EyDh1oDbMo3rUO7hlLgqK
358,Zoran Vanev,indie,track,RAZBOLE SE IRINA MOMA,2001,0n53HfUN6qVssMCejI8jQU
359,Radojka Sverko,indie,track,Svijet Je Moj,2001,6sJ1DhynV0msPqloaKrhRj
360,Trond Granlund,indie,track,Do Re Mi,2001,0A6SO7v8PbzlXP4P4m6HYA
361,Sujatha,indie,track,Novugal,2001,7Df1vIWxPe41ZGZp4gwHQu
362,Harish Raghavendra,indie,track,Om Nama Sivaaya,2001,3uVehcBFCPD20hhjmQZgiI
363,Thanh Tuyền,indie,track,Sương Lạnh Chiều Đông,2001,4v7O7t1sCh2bA2KBvTkLI2
364,Garzon y Collazos,indie,track,Coplas Populares,2001,1GoSnPFbWp0cdDDOR0iOkU
365,Dynamite Boy,indie,track,Kaleidoscope,2001,1jbxLMR45e10TtTgaVxw5h
366,Phương Dung,indie,track,Nước Non Ngàn Dặm Ra Đi,2001,6tx8zH4Z0BnXkSbx1u8sHm
367,Naseebo Lal,indie,track,Dil Vich Wasnan Aen - Doosa,2001,3lFfHAdrEVgd4HCxgj9NE3
368,Gunjan Singh,indie,track,Saiya Driver Raja Ho,2001,4rXQsW2pwrdfporaIFksH2
369,Stephanie,indie,track,Leave The Past Behind,2001,4J6ed8fQQVljiFRWgPr3TI
370,Marc Almond,indie,track,"Our Love, My Love - Live At The Union Chapel, 2000",2001,2KAZTXtSfXsT5oKjGtzkGv
371,Sai Saing Maw,indie,track,Maung Ta La Sar,2001,5CvytwrAfExGTRENotQLD7
372,Guddu Rangila,indie,track,E Susar Ji Kade Vidai Beti,2001,5Ym3aCviEdPwJmiJeqpwZx
373,De Vrijbuiters,indie,track,Geef mij maar een apres ski,2001,5CxTwtfDqikNZHwl0bi6UQ
374,Suresh Wadkar,indie,track,Shri Durga Stuti,2001,6OHdOoNrCV6hO7Hag8ST14
375,Pepe Mairena,indie,track,Granada Encantada (Pasodoble) - Remastered,2001,2lruSCfMA7gvgNQ2dUe6eB
376,Yến Khoa,indie,track,Chi Toi 2,2001,6J6MAlqlTvXGBDq8b69CRk
377,Zahouania,indie,track,Bayta ouahdi,2001,2ltnLJ0hG6eDqu2fPolAQm
378,Eino Grön,indie,track,Luokses jään - Volver,2001,37P5iUooPbcvIOldydHAYc
379,Anand Shinde,indie,track,Chhaya Dharavi Ambabai,2001,7deswY4TP1NagBlxYInbMQ
380,Sanna Nielsen,indie,track,Stilla natt,2001,3OFOu25L3NebRP6igGgjDc
381,Biquini Cavadão,indie,track,Arcos,2001,0NuLG4uVhoTEyGP0HlKlIB
382,Suresh Wadkar,indie,track,Naagleela,2001,6IGWT1I0wFW3hTOvig9bEI
383,Sunil Chhaila Bihari,indie,track,Briddhapension Khaayi Gayile Mukhiya,2001,2mzDO1QWdv6jwpo0RAFYvN
384,NRG,indie,track,메신저 - 2001 Live Version,2001,71PKYdJ8EVUSZqt6w7aBjG
385,X-Quisite,indie,track,Bad Girl - French feat. Mike Check,2001,07sX61zDWRTI2iApNJODiP
386,Tuấn Vũ,indie,track,Chuyện Đêm Mưa,2001,4sVFUqUf1t3IcoTrkBRbnN
387,Nimalamao,indie,track,Tibet In Heaven,2001,3zPcJIUzUfEANtNfwiZiS0
388,Obscure,indie,track,Shukh Khuje,2001,4yqCPLyHkEXjyCPjbxjBos
389,Mahesh Kumar,indie,track,Snehithare Shatrugalanna,2001,6kvJDLkNqYogdhp2Kn9svN
390,Bima Kumari Dura,indie,track,Mayalu Lai,2001,0ZpXJxPuleDjvEmcdZE3ZC
391,Tapani Kansa,indie,track,Tässä ja nyt,2001,0rjtPpXk0nnACJYZ9faK1T
392,Hugo Liscano,indie,track,Zumba Que Zumba,2001,04vXA5VUruTKjjSpiczqbF
393,Tapio Rautavaara,indie,track,Häävalssi,2001,1XOes86MZjWpg2yX2sBWBq
394,The Silos,indie,track,Wooky Do,2001,6UHxw2WN4gfXb6omNHYQfj
395,Too Much Joy,indie,track,Drum Machine,2001,66fvUK1aZ1z9JUoDdsIMYI
396,Orchestra Bagutti,indie,track,Il polcone,2001,3g5B5H09WY9Udn7Ko9CbAf
397,Іван Попович,indie,track,Понад лугом,2001,0tQO7GRpuD4V5pgyugRFBC
398,Nina Badric,indie,track,Pomiluj Jubav Moju,2001,5EzEu2mZgXRxUV3lacQ6Rm
399,劉家昌,indie,track,爱的季节,2001,1ayqQjzSM3B44A1FB2XtmM
400,Tip y Top,indie,track,Tururú-Tururú - Remastered,2001,6Xz13MhMhNkh5Oo0dEHZhE
401,Rashid Beibutov,indie,track,Almas - Həbəş (Efiopiya) Mahnısı,2001,169VXsoU3J7U02EDkF9ug9
402,Rabih Al Asmar,indie,track,Eldalouna,2001,4OIyCyuG5gQl5Sb2MurDz9
403,Ivo Robic,indie,track,Ja Ću Doć,2001,5nzShZzjm7dkmmrbP4FZc0
404,Mazā Ģilde,indie,track,Zvejnieka Meitene,2001,5ceTYdZGVstTOmo0xOngny
405,Georg Ots,indie,track,Äidin silmät,2001,5QCFwqRCtyDoLIzujykKmq
406,Solistiyhtye Suomi,indie,track,Pikkuneiti,2001,0ddDEw9Pxkj2hDJFmY5wj6
407,Mario Bragadini,indie,track,Classico tango,2001,4M6qp2BcDrLUsuQK9IcPh9
408,Amchok Gompo Dhondup,indie,track,Year 2226,2001,1ptf0BYksi9AQ5dBS2pX1q
409,Neal Hefti,indie,track,Splanky (trans. L. Kallin),2001,0N8LNQxFpXphBtnd3FQtWW
410,Gian Pieretti,indie,track,Sei rimasta sola,2001,42asIWXeaxGq8pCR268ydQ
411,Eduard Khil,indie,track,Пропавшая любовь,2001,5l1G2zo7iFr6U2CdbhmFuT
412,Misato Watanabe,indie,track,truth,2001,11asAAnmBcRKca6Fiqs7UO
413,Marante,indie,track,Nunca Mais um Beijo Dela,2001,2vxbf57jwkzZSxkxB21tF0
414,Joe Brown,indie,track,Crossing the Transippi - Live,2001,0CYw1vy9HZDuLRFf5dW7vz
415,Nadila,indie,track,Aku Ingin Pulang,2001,18Prhy9Pq9lHQwXmtSiPkk
416,Yuka Kawamura,indie,track,Festa,2001,6QDEIlGJphGxS1VW1ftxqE
417,Mehdi Hassan,indie,track,Teri Khushi Se Agar Gham Bhi,2001,3ke2AyOI4uUuP8MlLqybzT
418,Naseebo Lal,indie,track,Pyar Tere Nal,2001,6sEDfzTfg743SKL6VryYZm
419,Lea Laven,indie,track,Toukokuu,2001,6S0qtPMcbWOS0nuaDNbS0y
420,MAN-GO,indie,track,Būk Mano - Dreams Version,2001,6rz3k01LirbnpL5FX0TioS
421,Shazia Manzoor,indie,track,Koi Meri Patli,2001,0kTbwN7ibmC4vJ4bo1MgBU
422,Amar Arshi,indie,track,Tenu Nachdi Vekhna,2001,3VbGkDRUjkvcXQf8WJUsxD
423,Cardenales Del Exito,indie,track,La C - 2 Roja,2001,5y9OxO2c9tK4Fr2E5Ik34E
424,Dạ Nhật Yến,indie,track,Em Cu Di,2001,2vwaKdGwT5xfcLEYmHRQ3h
425,Pasión Vega,indie,track,Dos Estrellas,2001,5ZznjSda3louFzJG4Er7wR
426,Harbhajan Shera,indie,track,Tak Dhin Dhinak Dhin,2001,4BMxQ7ccjv4l2aEUfMqEhN
427,Hrvoje Hegedusic,indie,track,"Bele Megline, Megle Meglene",2001,7qAXs3rXg110NKzIqAvJAq
428,Sai Saing Maw,indie,track,A Chit Sone,2001,5isApjzE0Lx7xALtEyz193
429,Hovo,indie,track,Hnar Liner,2001,6rc759Jbuqj8DZaFQoRcYn
430,Farah Lal,indie,track,Mein Teri Tu Mera,2001,0xgSW3RjtCqs0zZamJpFBq
431,Andrew Kishore,indie,track,Mon Debo Prem Debo,2001,4hSskowazAUtBowL6J028L
432,Đàm Vĩnh Hưng,indie,track,Cuộc tình đã qua,2001,4secA8Y1aj19aDC4CLsbjp
433,Duy Khánh,indie,track,Áo Nhà Binh,2001,0UkEid58coMIMVy8I4ogEF
434,Nelly Makdessy,indie,track,Ouyoun El Gattala,2001,2BrxnC11cTX3OH51fzXfGV
435,Rita Pavone,indie,track,Bianco Natale,2001,4kBINzVAryZ6St2gL4eJck
436,Wilkins,indie,track,Dime Que No Vas a Morir,2001,4QlkaGLPAOZPxab6AQfO4w
437,Mario Castelnuovo,indie,track,Nina,2001,2WOLHaluLwpowxWu5nZNtF
438,Kim Anh,indie,track,Mùa Thu Yêu Thương,2001,1crUGBZ6pYjgW9NlcWjW5R
439,Juan Vicente Torrealba,indie,track,Capricho De Amor,2001,0UxetaXdNZ5OhTDCe7Sapm
440,Ý Lan,indie,track,Trà Hoa Nữ,2001,4rZozZbtHoHQzan02ZTV9Z
441,Flavio Venturini,indie,track,Paisagem Da Janela,2001,3ESGqMvnAjniofVF3rf4ep
442,Arraial Do Pavulagem,indie,track,Tropa Guerreira,2001,0AEBZnPDfHYzbiY2J9s8bL
443,Mikis Theodorakis,indie,track,Vorias Chtypa Tin Porta Mou (Vradiazei),2001,2pdz0FbLyqkdEhlB2CTo5V
444,Cho Yong Pil,indie,track,A Stray Migratory Bird,2001,2tXh5xZA5e552jQCbmtZk2
445,Giorgos Papadopoulos,indie,track,Otan Pethainei O Anthropos,2001,57RQF6RgT4pPo1GEw0YYOa
446,Thanh Tuyền,indie,track,Thôi,2001,6KJykLG5558B2qDTlt5rsq
447,Egó,indie,track,III Heimurinn,2001,6htAdBqi2MtEYivq0yjJyB
448,Satellites LV,indie,track,Kansas,2001,57TfKJcb7K8UujTczUiraX
449,Berentei Péter,indie,track,Múlnak a gyermekévek,2001,3c6MOCuAM2GAmmVmB1INfJ
450,Maja Blagdan,indie,track,Ljubav ljubavi,2001,27Ljyt1OPD8AYW6XDyEIiK
451,Merrick,indie,track,Toga,2001,6YvMhcHlW4xx0XBwGKeH2d
452,Megas,indie,track,Prelude: Jökullinn og Keilirinn,2001,4KY7rLXRTcWOgI4kTBY8x0
453,Anna Toledo,indie,track,Você Só... Mente,2001,3luk8HOvlHa5N40A3823V0
454,Zemlyane,indie,track,Сон,2001,4KX9CZZMwU9PPdu0t1pMql
455,Duo Karst,indie,track,Soldatenliedje,2001,6ILX98LcdEfDdQaRhrBAvR
456,Naseebo Lal,indie,track,Mera Ishq Vi Tun,2001,1xxXsT4emslZGFOifpjrth
457,L.N. Shastri,indie,track,Om Shooraya,2001,5m2hTXXuVWpL60OVPXrots
458,Kemal Monteno,indie,track,Nekako S Proljeća,2001,1qoDGvj0dZtqxiO3gbZnqZ
459,Karen Busck,indie,track,Hjertet Ser - Edit,2001,4J4udg0yE9PWjirNePCwzG
460,TCR,indie,track,POP,2001,0NfhhQzUrm0MBHyw9tJDDx
461,Sukshinder Shinda,indie,track,Tere Luk Tuk Jaana,2001,3Z6PLn8nSMy2lrNrSB1ntv
462,Ngoc Lan,indie,track,Em yêu anh như yêu câu ví dặm,2001,03RQff5io3VtA0Uo8RZ0T5
463,Stratos Dionisiou,indie,track,Me Kaimo Ke Parapono Kleo,2001,5ut1esnmjzEQx0qxgszaE1
464,Praful Dave,indie,track,Kadi Kadi Koyaldi Tahuk Se,2001,3tvWRjRjXAnxDv552Vx3Qk
465,Sofia Vicoveanca,indie,track,M-Am sfădit rău cu bădiţa,2001,0XL2LxFy2XKXFcTv5oVIxQ
466,Suresh Wadkar,indie,track,Uthi Uthi Shambu Mahadeva,2001,5EPNICIbPuVB8Jv80fr5IA
467,Pernice Brothers,indie,track,Shaken Baby,2001,3rZr1n3ZlyRbqEtPuLHxOj
468,Si Himan,indie,track,"חוזרת ערב החג חכו לי בנתב""ג",2001,6RCYXO2n1vbea86Q6y8cw5
469,Thiên Trang,indie,track,Quê Hương Bỏ Lại,2001,5slmufLJpxGmwYxZLjQy6K
470,Tú Quyên,indie,track,Pray - Instrumental,2001,2e8YiOTkU77xTp5ChWaIby
471,Tapio Rautavaara,indie,track,"Laivat puuta, miehet rautaa",2001,5vIKwrc5GbE8kccZQrNA9U
472,Nelson Henriquez,indie,track,El Adios,2001,6NfRH61qQ6zSZmupixrXxf
473,Christos Antoniadis,indie,track,Iparhoun Ke Kala Pedia,2001,1BMBEz7gdHpt472cpQEzrK
474,Sabar Koti,indie,track,Ik Chan Umbran Te,2001,2JVmuIbBEFs1LP5G2q3aGr
475,Khine Htoo,indie,track,Thit Sar,2001,5YqbpKGZzcmQwY8cR9kjem
476,Presser Gabor,indie,track,"Oh, csak a hajnal jönne már",2001,3kqSsyTASHqUbh30WJaxeg
477,Sujatha,indie,track,Un Paatham,2001,22nvX6xVvVdui4i9lNsLZZ
478,Cardenales Del Exito,indie,track,Me Equivoqué,2001,7lcr6Ek64VFD0Pk8aq8sav
479,Solistiyhtye Suomi,indie,track,"Palmu, kenkuru ja vain me kaksi",2001,2FI7P77C8EBYVVC6VLmCNm
480,Silly,indie,track,Verlorene Kinder,2001,6T2JNUtZ4VUxeRCBtxeVzJ
481,Guddu Rangila,indie,track,Dhoda Mangroo Bhaile Mukhiya,2001,1gOXeEJI1NgstRHgSFw8L4
482,Scratch Pet Land,indie,track,N No,2001,16Vw7zkOQgaJ2JjfKQfzMb
483,José Alberto Reis,indie,track,Afinal de Contas,2001,6P5UNH0x6aCR2VjQRVkw12
484,Liz Anderson,indie,track,The Magic Candy Machine (Vocal-Casey Anderson),2001,2idLdmU1UT6YD4odtjIiNM
485,Trond Granlund,indie,track,Maggie O,2001,57XMay5CZEhaxh9mFg5ls2
486,NRG,indie,track,비 - 2001 Live Version,2001,25brRSoCr5DfkVs6Vhg2HQ
487,Xuân Phú,indie,track,Khi Biet Yeu Thuong,2001,0Yj23k6s2Xaa8c8Aiq5B36
488,Antoine,indie,track,Nun t aggio maie scurdate,2001,5Q2Z0vjG4XCKs8PIpZHnK9
489,Jaime Llano González,indie,track,Baby,2001,7BuaWCsfP6gv5bRZy1yPTV
490,Techung And Kit Walker,indie,track,Compassion Prayer (Treasure Revealer),2001,4O3wcx4rEYBDFFp6DgjmIb
491,Rekha Rao,indie,track,Ab Neend Na Aave,2001,5UQbqVeEIVbbUGh3qYzdWk
492,Prakash Rawat,indie,track,Tum Ta Gaya Swami Ji,2001,3GLxWUTzUZxfd5ZLmW5DI6
493,Celia Gamez,indie,track,Puede el Baile Continuar (Pericón) - Remastered,2001,3FB8FXKUj5sSGKsQIwcO84
494,Kleiton & Kledir,indie,track,Bailão,2001,26sVxqQFgBB2VjWQylnJm4
495,Naseebo Lal,indie,track,Wich Pardesiyan Janke,2001,7LLq4b6KtTJ4lRMxaHSFMb
496,Deepak Kharel,indie,track,Andheri Raat Chha,2001,2xntQFXXQq3ZYIdBIDZDzE
497,Paulo Ribeiro,indie,track,Dança (Teu Corpo é Demais),2001,57fmqsV1cLnEW7taycu0Jq
498,Mazā Ģilde,indie,track,Tur Es Dzēru,2001,31qPjcLenDRJZJ4oOZvg6g
499,Deva,indie,track,Taj Mahal Ondru,2001,6iCosIfUUojorlZGHv1TrF
500,Jaime Llano González,indie,track,Baby,2001,7BuaWCsfP6gv5bRZy1yPTV
501,Techung And Kit Walker,indie,track,Compassion Prayer (Treasure Revealer),2001,4O3wcx4rEYBDFFp6DgjmIb
502,Rekha Rao,indie,track,Ab Neend Na Aave,2001,5UQbqVeEIVbbUGh3qYzdWk
503,Prakash Rawat,indie,track,Tum Ta Gaya Swami Ji,2001,3GLxWUTzUZxfd5ZLmW5DI6
504,Celia Gamez,indie,track,Puede el Baile Continuar (Pericón) - Remastered,2001,3FB8FXKUj5sSGKsQIwcO84
505,Kleiton & Kledir,indie,track,Bailão,2001,26sVxqQFgBB2VjWQylnJm4
506,Naseebo Lal,indie,track,Wich Pardesiyan Janke,2001,7LLq4b6KtTJ4lRMxaHSFMb
507,Deepak Kharel,indie,track,Andheri Raat Chha,2001,2xntQFXXQq3ZYIdBIDZDzE
508,Paulo Ribeiro,indie,track,Dança (Teu Corpo é Demais),2001,57fmqsV1cLnEW7taycu0Jq
509,Mazā Ģilde,indie,track,Tur Es Dzēru,2001,31qPjcLenDRJZJ4oOZvg6g
510,Deva,indie,track,Taj Mahal Ondru,2001,6iCosIfUUojorlZGHv1TrF
511,Mahesh Kumar,indie,track,Chellata Budthiya,2001,0NDPttvNAOSARdjc6syVcN
512,Body,indie,track,Coming Down,2001,6pTTHQvzoOqVQ7V1AgTwP7
513,Giannis Kalatzis,indie,track,O Stamoulis O Lohias,2001,5lnYzGssVmV23AKeX9ShMv
514,Olavi Virta,indie,track,Tulisuudelma - El Choclo,2001,0lvyYucmio7dArkLjfM5yN
515,Eleni Vitali,indie,track,Les Ke Kratages Maheria,2001,5feOkH0BgB9LbOuIFjDILX
516,Los Xey,indie,track,A Tus Zapatos (Fox) - Remastered,2001,5GLJvsEg5gQSDGIpp4R7z2
517,Rekha Rao,indie,track,Sansyu Niralo...Khel O Bhagta,2001,5itkDLDgoVvSBdcPnEpfVw
518,Toralf Tollefsen,indie,track,Espania (vals),2001,2ozBJKNZP72uVCzpEvfFoK
519,Anand Shinde,indie,track,Yetaale Devacha Mandir,2001,1YNlKZ9Ee5IKJ67cmGBDID
520,Raymonde,indie,track,Lahla Izid Ktar,2001,587hQ7m3oCjzu9ouN0Pf12
521,Tereza Kesovija,indie,track,Larina Pjesma,2001,3xJLM4MYd4sAn4NGFvcn9D
522,Soe Lwin Lwin,indie,track,Shan Toh Yoe Yar Nya,2001,4QirqfWhYpXFT8noulKqSN
523,Hari Rončević,indie,track,Poljubi Me,2001,5V6TdUwJvgIPtct02tkcvH
524,Milénio,indie,track,Tudo Em Ti Me Seduz,2001,05ZiD1qrgA5txOwZB07zs5
525,Harbhajan Shera,indie,track,Dil Geya Kise Da,2001,1dlO3fSUUQpkfQONoaZ7wy
526,Krishnaraj,indie,track,Kavadiyam,2001,3xeHDEQ7jp5MdteKlNRmV5
527,Bharat Sharma Vyas,indie,track,Chaav Chooti Na Nakhda,2001,2FnfXX6AjbjpgBnDqF213t
528,Bharat Sharma Vyas,indie,track,Janali Naa Laagal,2001,5q1RSCn8g1eMc5saoMcEmc
529,Manmohan Waris,indie,track,Ik Chan Horey,2001,5Yl7bdXyLpvvBK6G7QiFPo
530,Ivanushki International,indie,track,Я её ищу - Live,2001,2c8QJNpWLfYk4R5utz3k08
531,Los Xey,indie,track,Puente de Piedra (Bolero) - Remastered,2001,1pFh8NNJPwMOafi7Qm5Swo
532,Romantici Vagabondi,indie,track,Bella bimba ticinese,2001,2XiuO3Y29ZE9pVuuYM37ZC
533,Raj,indie,track,Taste Your Tears,2001,2cq5qsJCo5hq6VwsvpQmJK
534,Atom TM,indie,track,Artwork By,2001,6Yq8zk0YZoku9wNLhnMco5
535,Sandhya Mukherjee,indie,track,Thumaka Thuaka Paga,2001,3tO7oCs9ks1eVymc6ar99h
536,Mikis Theodorakis,indie,track,Otan Sfingoun To Cheri,2001,3abN1AvojSiayans2LZB2Q
537,Pineforest Crunch,indie,track,Happy Valentine,2001,19tgm4xztnRYRXrBzAnbY9
538,Olavi Virta,indie,track,Tulisuudelma - El Choclo,2001,6Y0z6n7VBK9IWtIaPTNyx8
539,Amrita Virk,indie,track,Paudi Paudi Chadh De,2001,0UTwlohd93nQ6EGYkjRWen
540,MANOJ TIWARI,indie,track,Aa Gayile Ho Dekh Chait Mahinwa,2001,2ImCajGizYB4wdWEFsbMvF
541,Ana Belén,indie,track,Retrato Del Gorrión,2001,1HI0V8Lh4gH8DFeSV4uPhJ
542,Hari Rončević,indie,track,Kada Ljubim,2001,42plHLM158W3Qqgl9CJoLM
543,Александр Барыкин,indie,track,Люберецкие перчатки,2001,3avOuhpOZ1niWXnFaPi4f0
544,Mỹ Linh,indie,track,Những thiên đường xưa,2001,7u57PBtHeLdf4RrfEZO3YG
545,Sita,indie,track,Happy,2001,4oQ1ENvryOA9tAKwT6s20B
546,Anita Skorgan,indie,track,Alfonsia Og Havet,2001,6KEPMK0XOwZo9gAt5UreBV
547,Ivo Robic,indie,track,Let Me Go,2001,2O1NxgrCycXOLuGub3QU9P
548,Steve Yoo,indie,track,감정이란,2001,7dnrgWxh2mnfpxnHrDizq8
549,Big Al and the Heavyweights,indie,track,Real Good Time,2001,0HvjDOe02PKyJgl6fOasiR
550,Sten & Stanley,indie,track,Juliette,2001,3sZnOTocULgYHpp3WlDGwc
551,Maria Cârneci,indie,track,A-nflorit floarea de tei,2001,2pNQ4ciP4Hmga4yrERiFjS
552,Philipp Kirkorov,indie,track,Клёво-клёво,2001,43FsWMz8o5DKTISjWStojx
553,Nguyễn Phi Hùng,indie,track,Bước Chân Trong Mưa,2001,4Qzwa9vYpd5U87ItIJVymd
554,Thanh Trúc,indie,track,Mùa Đông Hoa Trắng,2001,4T2uyxDKtvqFZA4tdZ3Nzk
555,Sukshinder Shinda,indie,track,England De Nazare,2001,52A5Qpcia5Bojkkrxw5Z6w
556,Carl Belew,indie,track,Am I That Easy To Forget,2001,0COeAKlMxMGKRKXUTzDrC9
557,Suriya Soomro,indie,track,Misal Je Wichri Bah Wayon,2001,7tvFTQBYiI2xSqIOkfW1h9
558,Brīvdiena,indie,track,Ziemas sapnī,2001,3XiOR4jBoed8I6lkQT6Oyo
559,Yến Khoa,indie,track,Gái Nhà Nghèo,2001,2O17F21tAJXOl5uvLhP9R1
560,Celia Gamez,indie,track,Tengo Miedo (Tango) - Remastered,2001,59w4OBTl3rDbjk1oetBTTz
561,Vaishali Samant,indie,track,Hur Hur Lauan Jata Jivala,2001,2O2sKANNlPMGxPQsctUctF
562,Tapani Kansa,indie,track,Eva,2001,44ucrQmsXuO9cyQ2N66xlK
563,Bima Kumari Dura,indie,track,Kaha Ho Nani,2001,0ovN13kWlxCIc2HXl5Onn0
564,Paul de Leeuw,indie,track,Tango Folklore - Live,2001,6Gjo0dYqBOTYkZKMBDt3WI
565,Steve Yoo,indie,track,Aha,2001,6Om1Pn36xBkr8sX7ZbH8AK
566,ธานินทร์ อินทรเทพ,indie,track,กล่อมนิทรา,2001,67V5vj4JuqaoaTYcl7gG60
567,Biquini Cavadão,indie,track,Tormenta,2001,4cOFWBLlWhoWcTklQo2kab
568,K-pital,indie,track,Doua Stele,2001,3AvykZQIiVz8cPVUKweQt4
569,Anand Shinde,indie,track,Dava Jejuri,2001,3VkwmMq7ZvpXvqV9B5sSuw
570,Mario Visconti,indie,track,Un Tropezón (Tango),2001,2r1a4tXOJG2Bgqfoy8mJVS
571,Celia Gamez,indie,track,"Pasacalle de los Pepe-Hillos (De "" Las Guapas "" ) - Remastered",2001,6rw8CsmZR0My5qOQHae2Yp
572,Mendez,indie,track,Shut Your Mouth - M 12's Maximum Radio Edit,2001,74ESCKovoRZ8V4KpqqK0K2
573,Stuðmenn,indie,track,Ég vild' ég væri,2001,5LOetq0OBBbEJ8KeILDTW1
574,Krishnaraj,indie,track,Anbin Atchiyai,2001,4J0H0lewPuyyWazP5wO7MA
575,Kelly Chen,indie,track,Ask,2001,49PTNTrxQS7QpWC1LbpV6v
576,Yves Segers,indie,track,Voel Je Vrij - 2021 Remastered,2001,4tGYkNwmoVc3hdlrOAlcsn
577,Guddu Rangila,indie,track,Jhanjhat Ke Devaal Gharhi Mein,2001,5SJU5GU07SgAYKKGtfVuXQ
578,Mikko Alatalo,indie,track,Rakkauden vaiheet,2001,43gw1MN8xWCseidl3XJ50c
579,Jyoti,indie,track,Aaj Varse Che Kumkum,2001,2am8agMH07IfZpjppeAjGv
580,Khine Htoo,indie,track,Than Sin Mae Tay,2001,6gA3Owvvyxfi0ixi65ndbD
581,Pino Villa,indie,track,Che bedda me muggheri,2001,3ybKWWfXmwnmAcLnxUHV6H
582,Zahouania,indie,track,Alalaya tourkiya,2001,3vuHZbOiDv2PvHqtFb4R7K
583,Claudio Villa,indie,track,Casetta de trastevere,2001,6c4dLyHN1SdHYP3mtjeZUK
584,Eleni Vitali,indie,track,Vrohi Ta Parapona,2001,53HiT4BwamrfbKGGouuwE8
585,Juanita Cuenca,indie,track,Caminito de Tu Corazon (Bolero),2001,4PZmgz4uhM2KxWwezIn7xU
586,Abida Parveen,indie,track,Naazi Ni Kyo,2001,1SGLvhp33H6sKOjiljsZIW
587,Farah Lal,indie,track,Sonna Uno Na Naseeb,2001,3dthRQg0zfF1wpZMUgqgc8
588,Nimalamao,indie,track,Ganbala,2001,6bEHSIpmTTQNA6X0rIoGu3
589,Duy Khánh,indie,track,Những Chiều Không Có Em,2001,34C3sJRT6FFsIKHe2bu6Ka
590,Sher Singh,indie,track,Gadan Galandi Sun Mere,2001,03sjbfpcpeNGePNfcUJkwX
591,唐飛,indie,track,思親的滋味,2001,6prq76tJHjzIIKFEFUs0SM
592,Габдельфат Сафин,indie,track,Без бу доньяда кунак кына,2001,6gd3v2uEN2QJwuVehnWc8l
593,Noor Jehan,indie,track,Tarfa Tarfa,2001,2vmbnK4KCMccEOexn5lmDr
594,Yam Baral,indie,track,Namloma Khapi,2001,0ckIMDHSAIfb2yyI8vFEKa
595,Sanju Rathod,indie,track,Bada Baaka Sajya Dwar,2001,3gXil9EzWYLcWr4rGLuiO3
596,Džo Maračić Maki,indie,track,Country Dalmatino,2001,0tIlO4bUkes5fUaYr4WAnK
597,Mazā Ģilde,indie,track,Vecās Dzirnas,2001,6c0NwsG56uo6GiPqOREDfr
598,구피,indie,track,"오늘도 행복해, Pt. 1",2001,500aFkuqidLIbFxgCy6LaE
599,Si Thu Lwin,indie,track,A Khwint Thint Yin,2001,5t7zJ5okkodBKihBBjLSsU
600,Presuntos Implicados,indie,track,Como hemos cambiado - Hause Remix 02,2002,6jeQ9ph1E7zt7Jc5IjotQM
601,Presuntos Implicados,indie,track,Asoma el llanto - Versión jazz 94,2002,3LoaVV82jyDULHuHszo3U0
602,Presuntos Implicados,indie,track,Por querer - Remix by Jean,2002,6sKKunE3axzgoSKncAuMt8
603,Presuntos Implicados,indie,track,Gente - Remix Padilla Radio Edit,2002,2DJfG82HN76a2PJ9oA3QLU
604,Presuntos Implicados,indie,track,Luna - Directo México,2002,6hNk847Ca3ER3cCBvU3UyJ
605,Presuntos Implicados,indie,track,Todas las flores - Concierto Básico 40,2002,133VMMtXDBoElOBDDW7tT0
606,Felipe Conde,indie,track,Quédate Junto A Mí,2002,4oliTKv3MZewSUOjSzFJQF
607,Los Chavis,indie,track,VIVO EN SOLEDAD,2002,2xAdY6fjLeIapyd99JoUIm
608,Presuntos Implicados,indie,track,Paz - 40 Principales,2002,1ITiS6ApH2jvajrBlU6Jaq
609,Sylvia Pantoja,indie,track,Ambigua Noche,2002,2rpFN3k2wkA7VuHw7lat6E
610,Niños Mutantes,indie,track,Ayer (canción Alemana),2002,4z3n8DDTSrqSeZYk80mpst
611,Txaranga Mutil Gazteak,indie,track,Errodotxan eta Arin Arin,2002,6Tcf2eHkyxH0xTEBVzns7N
612,Lorenzo González,indie,track,Pero...ten Cuidado (Bolero) - Remastered,2002,2ZVftYHwbzOP7sdZB82aw8
613,Carlos Jose,indie,track,Nervos De Aço/Tltimo Desejo,2002,0mtRozJVOhKdUC1GGeLYlf
614,Beto Guedes,indie,track,Feira Moderna,2002,3vhPtKYTZ9rVz0yIa9s2Bn
615,Subhasish Mahakud,indie,track,Tume Mote Bhala Pai,2002,7gvqFKGhBCv1GsST5bLg4w
616,Andrej Šifrer,indie,track,Jarčeva hruška - Instrumental,2002,6VMkx3ePkcfVjD0QWwaRB4
617,Asif Akbar,indie,track,Premeri Shape Korilo Dongson,2002,7wHF437lCsjgUqjogqkWTg
618,Giannis Poulopoulos,indie,track,Hartines Kardies,2002,4vaAsx6fALUrHnrAOwQczM
619,Chế Linh,indie,track,Hai Bàn Tay Trắng,2002,1GrXXlVvC6eMDr1SkSE3nh
620,L.N. Shastri,indie,track,Ninnanu Aarasutta,2002,4hn5c4y8tvbnWRb0XEqUFn
621,Zsuzsa Koncz,indie,track,VIII. Henrik felesége voltam,2002,31rynR6YIu8VufXbHuJoB4
622,Mikis Theodorakis,indie,track,I Mirei,2002,7hQiMcMGS8jk7NUfJ7XYLC
623,Roma Zhukov,indie,track,Видишь,2002,1174JgOK28YDh8d4vzVebz
624,Stamatis Kokotas,indie,track,"Oniro Apatilo - From ""Oniro Apatilo""",2002,3qQoNePUKEvWcmZpnPxv3E
625,Luisita Calle,indie,track,La Niña de Embajadores (Pasodoble) - Remastered,2002,19pfrifCaOLscmDh6OvSaY
626,De Vrijbuiters,indie,track,Er Is Een Engel,2002,45StHRHXqSk9LuoOa0Ncj8
627,Caesura,indie,track,Placebo Persuasion,2002,6iEG2Ez1pDwOsLD8oUBXz1
628,Sanju Rathod,indie,track,Byasa Dere Aake Sangate,2002,7DHnolRVcXdlCSQp3pA7pf
629,Eric Noltkamper,indie,track,Beer Garden Music Polka,2002,7dfzE8KKsGv5SGloEGa93j
630,Klari Katona,indie,track,Hol késnek az angyalok,2002,0zWkjDTX0lVd6QP5bx1Pz7
631,DM3,indie,track,Priest - Acoustic Version,2002,31qeBQXc28HvEZw8To8Fbi
632,Anand Shinde,indie,track,Fida Jhali Radha,2002,37R2bz3LAx7bx42Z5G3q7V
633,Danny McDonald,indie,track,An Hour's Drive in a Sandman Panel Van (Demo),2002,7djW8atLJtsQ8qkkzpnQUh
634,Harbhajan Mann,indie,track,Dil Sada Na Karde,2002,7yFaOosAeZAEFnYYJmJBsF
635,Ambondrona,indie,track,Rahoviana,2002,7yGGA6kPx12rLbQ436xNJz
636,Eduard Khil,indie,track,Свет вечного огня,2002,3JnBDs1rKopHnawMTzKUlx
637,Claudio Villa,indie,track,Innamorato 2,2002,61KUkYXilGfd0YhOlf6SF3
638,Pérez Prado,indie,track,La Niña Popof,2002,4GhJsB6ivYJ5TX6Q9YGSSg
639,Jodle Birge,indie,track,Mors øjne,2002,6bay1ABEazMp2oJuwN4Jxc
640,Apvedceļš,indie,track,Sievietēm jaukām,2002,3ZHIELdG9CZYH258gsrNDl
641,Anand Shinde,indie,track,Buddachi Abhiyan,2002,6PCoXHCbPXuFwTtXcWtHtO
642,day after tomorrow,indie,track,rosy girl,2002,5C76frgnmlOGW7y2SG4shA
643,Naseebo Lal,indie,track,Lafz Qalandar Gehra Samundar,2002,0bVlfB4Ki1g7ieMRnU55in
644,Daniel Andrea,indie,track,Loco corazón - Cool Funk Remix,2002,1pnRJaV55gFUzrwpXSiVLr
645,안치환,indie,track,저물면서 빛나는 바다,2002,11fOPrx6pN1euDyspvp6TM
646,Fiona Pears,indie,track,On A Branch,2002,1UD2G8SNgnnkLSXpHSOB4r
647,Nicolai Dunger,indie,track,Way over Yonder,2002,7fFxgMAiTneq73VjRqXv3V
648,Toni Iordache,indie,track,Pentr-un cal și-o iapă sură și Hora bidinarilor,2002,6twGXMfF3L18gDigf1oMEg
649,De Vrijbuiters,indie,track,Ad van Opstal-Jantjes vlieger,2002,5rlAUgsm8l4PL4nyOObjcR
650,Ku-Ku Band,indie,track,Bach - VOX DEI - instrumental,2002,2xaWWpRCKDPLKMxaQKuMig
651,Anneke Gronloh,indie,track,Mangemo sako mangemo,2002,5psHlvKuzzI6p04dYWfKT6
652,Jodle Birge,indie,track,Ay Ay Senorita,2002,6iDSDT4dtseSNgv7TdSwSL
653,Sigurður Ólafsson,indie,track,Adams polki,2002,1mANLawEuP8HU3fj7u1PQ6
654,Jim Stafford,indie,track,The Last Chant - Rerecorded,2002,0vDo1y9bW7PcddKHo62wzA
655,Carlos Jose,indie,track,Noite Cheia de Estrelas,2002,7nPrt4J9K2EMx9jYUeb5v6
656,Intan Sarafina,indie,track,Satu Lagi Soal Cinta,2002,0bVUgNCDQuyyeOXgyMFl9s
657,Tuấn Vũ,indie,track,Hoa Muoi Gio,2002,44YedRSrFyEOEV3UBagyIw
658,Paul Oscar,indie,track,69 année érotique (Casino version),2002,73uCrPZ6DcT1k9fUbqJ13j
659,Pamma,indie,track,Husan Da Jaal,2002,4hmZxsy9rTVCywek4ylvho
660,Feroz Khan,indie,track,Dil Tode Gaye,2002,0rU64ewKTBCs9GxiMfHme8
661,Kleiton & Kledir,indie,track,Maria Fumaça,2002,62Ws5adVl8dQUJeLNRhLRQ
662,Karnail Rana,indie,track,Aaya Vasoaa Ni Maaye,2002,49Ep6AqN7FgR9TTsTYIATS
663,Seema Mishra,indie,track,Holi KO Byav Mandyo,2002,095Z7pmCosfUXNWeJFY9NQ
664,Ngoc Lan,indie,track,Lá Thu,2002,3Ar5GeImuRa18aAdbVCTq1
665,Kalevi Korpi,indie,track,Särkynyt onni,2002,6dndEcag3ssvBER1IdcwOV
666,Mike Garrigan,indie,track,Summer Machine,2002,2DYbwUNCYJNTNK2RXFGBN8
667,Gabi Novak,indie,track,Kuća Za Ptice,2002,7D9R49lSkeVUrXioUivqtU
668,Aleksandr Marshal,indie,track,Батя,2002,322Ol72pHVeMK5TxHsX463
669,Carlos Jose,indie,track,Caminhemos/Cabelos Brancos,2002,0FZzpqv3PT3rA3TGXu7ulW
670,Olivia Hime,indie,track,Gênese,2002,6bkOj9g89goxEN2Mc8ucYf
671,Zsuzsa Koncz,indie,track,"Mondd el, ha látod őt",2002,5b8zGD5VqCNWqYWaCEsADV
672,PornoGraffitti,indie,track,クリスチーナ,2002,0kAeeMq9588yQBAIRZDtzf
673,Niks Matvejevs,indie,track,Baltais Laimes Laiks,2002,58I8pf5sBy8scIASQ4hdFB
674,Tin Zar Maw,indie,track,Kan Kya Mar Nae Chain So Chinn,2002,6UWfGtXccSWyWBg8EarBIe
675,Umberto Bindi,indie,track,E' Vero,2002,6qUwH2I7wQS6lWlhEWhunJ
676,Danny De Munk,indie,track,Met Jou,2002,256YTq2xs2rjigNU9JsDEG
677,Aleksandr Marshal,indie,track,Приказ назад,2002,0uWgrZ9IaK7zaSGEVLULYF
678,Lochan Bhattarai,indie,track,Maya Maya,2002,5XscYYkf9VdMzowBAv4qpF
679,Alex Chilton,indie,track,If You Would Marry Me Babe - Demo Version,2002,2uxHtrWEzZkMxbkDxYsZry
680,Cho Yong Pil,indie,track,Mother's Love,2002,34HabSewImWGFOlPIeRBrB
681,Dionne Warwick,indie,track,Sunny Weather Lover,2002,7IxLbCQKRVmaYEe60GTRzz
682,Kristína,indie,track,Mig ot vechnostta,2002,5Q0TD9LjzPKsmxgtyKAgwg
683,Litsa Diamanti,indie,track,Pare Ta Matia Mou,2002,58EOroFlCZrJv3Kvr3zBoW
684,Krishnaraj,indie,track,Kodi Sooriyan,2002,3hhAIwD2exwlQqu35gZHvE
685,Jodle Birge,indie,track,The Hvide Birke,2002,35dnU9Uw7Ul5hnwWV66Fjy
686,Maria Lisboa,indie,track,A Pantera (La Pantera),2002,6HdACY356w4vwxCtPp1Q0p
687,Krishnaraj,indie,track,Naan Unnai Ne Ennai,2002,42FtcW2SLmzUUuFh6tIUtv
688,Chế Linh,indie,track,Thương Hận,2002,4jlLjRgOgVTVZeZ1VHGaxJ
689,Pitsa Papadopoulou,indie,track,Ki Opos Anixes Tin Porta,2002,7afZSAXFrhEUsi9WifykLB
690,Selçuk Ural,indie,track,"Zilli, Pt. 2",2002,3FUaswOigXmQjJBdQqlfba
691,PornoGraffitti,indie,track,Go Steady Go!,2002,0AOARf7n1qmJJqAFoDwqSh
692,Monir Khan,indie,track,Emon Ekta Jibon Dila,2002,573Ze9VzKo1C4H5IYKafOK
693,Nainnath Rawal,indie,track,Nan Nani Paruli Darum,2002,1wa1jfbC8aZfEmoqu7WYk2
694,Ice Cream,indie,track,Kam kraya,2002,2qQcsmgqxaF7JREEufIk1w
695,Dirt Bike Annie,indie,track,Hell in a Handbasket,2002,3IlV9dnpXCFJe4edIypME5
696,Boris Novković,indie,track,Gore Iznad Oblaka,2002,2KlmGrsQBgKDQSjJpvglGY
697,Atom TM,indie,track,Electrolatino - DJ Ruben Rodriguez Remix,2002,0k4bxMgNgPycQk1fJ56fsS
698,Prakash Gurung,indie,track,Bibash-Mayalule Jeevaan Bata,2002,0p0ou7KfiYNWJP4SP3PGdp
699,Olivier Hecho,indie,track,Greensleeves,2002,6RWkxzZz9dTClMPkA9OpP6
700,Prakash Gurung,indie,track,Bibash-Mayalule Jeevaan Bata,2002,0p0ou7KfiYNWJP4SP3PGdp
701,Sigvart Dagsland,indie,track,Catching Her Eye,2002,6Y4n01aMCIHKmEpVUYckZX
702,GLASHAUS,indie,track,Land in Sicht - Silversurfer Mix,2002,4RiAYFMT3ICkhKFi5MIDMD
703,Nihal Nelson,indie,track,Leelai Kamalai,2002,71fVXqmh3qiJmWCKgxDvh9
704,Anand Shinde,indie,track,Mohtadevicha Sadi Chokicha Maal,2002,3qEpuX8WdP9fR5ZaK4MRUZ
705,Gabi Novak,indie,track,Slavit Ćemo Sami,2002,4Ne73GjmGtljHSpBDppjFe
706,Javed Ali,indie,track,Hoke Sher Pe Sawaar,2002,72mNPIdS9QIjCySQGjrSl8
707,Virgis Stakėnas,indie,track,Intro,2002,1EmDgv9ByBz8cfkmHgiq23
708,Milt Buckner,indie,track,Fatstuff Boogie (07-11-48),2002,2bCAHsEc3skVAt8qaE6Ntz
709,Naseebo Lal,indie,track,Ve Marjani Diya Chita,2002,37QiO4ad79Pt0CmDg6w3pz
710,Anand Shinde,indie,track,Fida Jhali Radha,2002,37R2bz3LAx7bx42Z5G3q7V
711,Danny McDonald,indie,track,An Hour's Drive in a Sandman Panel Van (Demo),2002,7djW8atLJtsQ8qkkzpnQUh
712,bRUNA,indie,track,Interlude,2002,3aZEliBMPm87VLv3qHOBGW
713,Sapana Shree,indie,track,Ratauli,2002,4tmtM5nidT5tIunVgxsO2j
714,Zohreh Jooya,indie,track,Asbe Samand,2002,1Urqsla0xONMr3LniWqOD9
715,Danny De Munk,indie,track,Met Jou,2002,256YTq2xs2rjigNU9JsDEG
716,Hamid Hami,indie,track,"Sam O Narges, Pt. 7",2002,4mvpX8hHGLK7LZPijhkK6v
717,Chế Linh,indie,track,Thương Hận,2002,4jlLjRgOgVTVZeZ1VHGaxJ
718,Gérard Blanchard,indie,track,Aragon et Castille,2002,33a3JTIYbLLNry44AN2xFb
719,MANOJ TIWARI,indie,track,Ganesh Bhagwan Ki Janam Katha,2002,4mKeVUebapVZB77QITKyLS
720,Niggunei Satmar,indie,track,Anim Zemiros,2002,5OzOH9eEahvjbfnVc1zcd4
721,Jose Valero,indie,track,Amor Incierto (Too Beautiful to Last) (Foxtrot) - Remastered,2002,4dh1x0AJcSkKrcZfLt5FCi
722,Van Go,indie,track,Get Off Your Cell Phone and Drive,2002,41fdwszEG6QbzAjTpzH9z7
723,Jose Valero,indie,track,Cada Noche (Beguine Fox) - Remastered,2002,6X3ZB9wua68mMVohwzeLTp
724,Zsuzsa Koncz,indie,track,Nyújtsd a kezed,2002,3AwCrc5UMdpeYuzwz0EGcN
725,Celia Gamez,indie,track,Mírame - Remastered,2002,6rvayAi15XARKmZODYtrBQ
726,Ali Kocatepe,indie,track,Dere Geliyor Dere,2002,1uvMtLh7jDUCMJpmlfXv1q
727,Krisz Rudolf,indie,track,Szállj - Xtreme Version,2002,0ADoR4ezCTkuBDgr5sO0L0
728,Anupam Saikia,indie,track,Sutalor Xuwoni,2002,00zFlhOOWLo1tCLEztzrmL
729,Stelios Kazantzidis,indie,track,Pios tha se pliroforisi,2002,0rNdMZDij3w8On7RDSjPcH
730,Ilda de Castro,indie,track,Mar do Meu Amor,2002,1wGJoDbKyWoyjxFcmjLspr
731,Nelson Angelo,indie,track,Dinhêru,2002,4MfVz73hqQh2kihCMb8wXX
732,Bashir,indie,track,Make Me Over,2002,6fGElp4Sudvp2lCf0Sups7
733,Mộng Thi,indie,track,Chiều xuân,2002,2DXHNWxmQmoWz5wV7le9mf
734,Grace Chang,indie,track,睡覺吧電影[辮子姑娘]插曲,2002,2OKgDEs9QijL3In51A8uNO
735,Ethel Smith,indie,track,The Samba Polka,2002,4Za8BNaMYbg1Ck7BxOJ19k
736,Thara,indie,track,Still In Love,2002,5KGBibIQJmAvvFYMVSuv4U
737,Neha Rajpal,indie,track,Chala Jauya Shingnapurala,2002,4aYXtRVSf1XOYnn3RUZQtK
738,Karcsi Kadlott,indie,track,Pedro kocsmájában,2002,2BMlYvtzMAF96BbDJT5szp
739,The Fairlanes,indie,track,Monumento,2002,19RdikfcS7clY570ctiBww
740,Forever,indie,track,Evade,2002,5Kmj26pBDPgDxGVAlVZfdj
741,Nilla Pizzi,indie,track,Son come tu mi vuoi,2002,6mFexjoqaKitssoiQ1zpmD
742,Ainhoa,indie,track,Sacrifice,2002,3tQ1dKDK5mAou0S0rXx2Qa
743,Vũ Khanh,indie,track,Chờ Người,2002,0UU3ZOKyitGxNmxL7gavM2
744,Animal Cannibals,indie,track,Zene?,2002,1kwyZTOmjO9bt1iktR3eMu
745,Stephen Tudu,indie,track,Amdo Phool,2002,7p7v36LemMfcUBadpyw8EF
746,Anand Shinde,indie,track,Mohtadevinch Naav,2002,2qOkkN1sNJ6LsN3YYFoiTx
747,Nino Xypolitas,indie,track,Livin' La Vida Loca,2002,0l0snIP24u83l7ycoyIdGV
748,Say Mohammad Safaei,indie,track,Ay Harira - Agr Barana,2002,4qiP9Fr2MnERfRW4SMU1pl
749,Grigoris Bithikotsis,indie,track,A-o,2002,2RV9N1m9U5gF1i39LesCPp
750,Yo Hitoto,indie,track,Ariga Toutou,2002,3Xj1wZQwA16eCpVdn6qPPD
751,Milva,indie,track,Stark sein - Radiomix,2002,43FgxvBR81jX8gR2CWRsH6
752,Sofia Vossou,indie,track,Isoun ilios ke feggari,2002,4RwFfrVac8iQyGFH7uyC2M
753,Bharat Sharma Vyas,indie,track,Aile - Aile Pardesiya,2002,6Ol1MmUZDepaLczkRxiZQd
754,Philippe Lavil,indie,track,Presqu'il,2002,6Om6EeeCFafL4V7nlQbtN1
755,Salim Shekhawas,indie,track,Gori Atri Kyo Chillaway,2002,2lID4AbOQbuZlRh3694n8y
756,Milva,indie,track,In mein Herz fällt Regen,2002,61x65WK5A922sCpFWAE0KO
757,Santo & Johnny,indie,track,Kaleidoscope,2002,1fnHFGAGLoQDZbjuFpYUhH
758,Sabina Yasmin,indie,track,Preme Jara Pore,2002,2lqnD8cU0T3gbL1scZ3Acc
759,Wafeek Habib,indie,track,عذاب الهوى - حفل حي,2002,2C7C0nQmufkZ4LePNXFnT8
760,Van Go,indie,track,Absolutely Everything,2002,2zPjHoFDMrnfcontPCOByM
761,Pawan Singh,indie,track,"Feshan Sajaike,Othani Hataike",2002,5l4cQ2fDtSJ8xi4HGCK1yR
762,Stelios Kazantzidis,indie,track,Ena Piato Adio Sto Trapezi,2002,6bWnIXh8Gvdft4fZ6UldBQ
763,Jóhanna Guðrún,indie,track,Litla jólabarn,2002,5IHwiEGQ1qcysHgVspEWmg
764,Devan Ekambaram,indie,track,Thillana,2002,27EMlP0UfHpaQkULL8yB5C
765,Jorge Sepúlveda,indie,track,Madrid Brujo (Pasodoble) - Remastered,2002,6SfUzWOF4RJffNMrVQ1DrG
766,Naeem Abbas Rufi,indie,track,Akhiyan Nu Chain Na Aaway,2002,0gDpWw9AMgCF1hZuLmrTUI
767,Allen Clapp,indie,track,not gonna fake it,2002,085DEDkV6NU2RIJpxAoTRk
768,Diana,indie,track,Something I Can Believe,2002,0CWby8mjf7kFMDPGV1H28h
769,Petra Janů,indie,track,Není Nám Už Sedmnáct,2002,06bPZA9EKy4XoqJwnriG35
770,LOS PATUMA,indie,track,Mosaico Cubano,2002,4OxoH2bhJOteMjuRg7tg7q
771,Valeria Peter Predescu,indie,track,"Te ador, Iisuse",2002,5FtAj0vuQcmLXr0CXKGy81
772,Swapnil Bandodkar,indie,track,Sri Gajananachi Agaadh Mahima(Shengavachya Sri Gajanan Maharanchi Sampuran Katha),2002,52x3RNnZIiYn2w4FyhAc5g
773,Nick Piunti,indie,track,Words You Couldn't Say,2002,15DvROr7iYv2MAVRleX30a
774,Anika Horvat,indie,track,Zdaj KO si sama,2002,2zM1hLtcqvKtmjWBMusWsE
775,Zsuzsa Koncz,indie,track,"Mondd el, ha látod őt",2002,5b8zGD5VqCNWqYWaCEsADV
776,Mundo Novo,indie,track,Voltei Meu Amor Voltei,2002,2zMr7TqmLkPRbagzTRxNXk
777,Frances Yip,indie,track,什麼是永恆,2002,2r3YKJ9CHu8pjWu8CAFmIi
778,Naeem Abbas Rufi,indie,track,Ranjharan,2002,2JEf5jHKrNcxs9T1Kkr1m0
779,Swapnil Bandodkar,indie,track,Shri Varad Vinayak,2002,0ponitn8Bl98hIbGoWalqi
780,Paweł Orkisz,indie,track,Zmiłuj się Boże nade mną,2002,5b6xHzV8ETntmaJ052eVOb
781,Satomi Fukunaga,indie,track,Hyper Lucky,2002,3z00DcDj3M9fPZRS7XXlCn
782,John McMullan,indie,track,Red Lines (Bonus Track),2002,4NJyHjto8R8BpVkJQP8jeU
783,Jette Torp,indie,track,Good Times,2002,0XqBPVjnLdfKDopR4Eo3eG
784,Krishnaraj,indie,track,Naagathukku Mogamadi,2002,1OD8rNc43xWDFSx4gfgac7
785,Luisita Calle,indie,track,La Niña de Embajadores (Pasodoble) - Remastered,2002,19pfrifCaOLscmDh6OvSaY
786,Giannis Poulopoulos,indie,track,Hartines Kardies,2002,4vaAsx6fALUrHnrAOwQczM
787,DM3,indie,track,Priest - Acoustic Version,2002,31qeBQXc28HvEZw8To8Fbi
788,Sanju Rathod,indie,track,Byasa Dere Aake Sangate,2002,7DHnolRVcXdlCSQp3pA7pf
789,Meri Lida,indie,track,Apotoma,2002,0R5js5dPLdPTDeYCPnh6FM
790,Hardev Mahinangal,indie,track,Jhulde Rehan Nishan,2002,6CEwDxzSjSDVmcZrKuo49E
791,Mišo Kovač,indie,track,Dalmatino,2002,38NWwpyUTzgEFA93iuoJCO
792,Nainnath Rawal,indie,track,Tu Bhaj Bena Ja,2002,6rSjSTp0SVMqmVFnRzBWbM
793,Preet Harpal,indie,track,Jindey,2002,4v0NVilwa9F1yEaQLFhjaS
794,Sardool Sikander,indie,track,Maahi Di Nishani,2002,3VQEkIhzXEJa6MOZEhQXQz
795,阿吉仔,indie,track,放蕩無前途,2002,2IIeOoReUJaoajoJb3tdeu
796,Celia Gamez,indie,track,¿Quién Eres Tú? (Bolero),2002,55VoV9xSKD5RzKXlnCwNSM
797,Renato Rascel,indie,track,Il Ragazzo D'Argilla,2002,77rkX0xLecGVsiyevN5AbW
798,Ozodbek Nazarbekov,indie,track,Sen gulsan,2002,4lMrptlAa9Iie7uBTCLxeN
799,Nicolai Dunger,indie,track,Warlock,2002,1TlrmxGooqpEmlBkj8fTtt
800,Anand Shinde,indie,track,Kalucha Naav Godila,2002,1IaD8bpUgqCNR6wL2fHEuB
801,Pholhas,indie,track,Song For John,2002,5CQ8Lse5WWA2PNU1JrizdF
802,Grupa 777,indie,track,Dobro Ti Jutro Grade,2002,3dtTnudULCFKkrojkx9z11
803,Ark,indie,track,Haran Majhi,2002,4D03jbewscV4r3b5HCxVIb
804,Stamatis Kokotas,indie,track,Stou Othona Ta Hronia,2002,5Xp5a6ncAj35hMc5dSOYDZ
805,Gustav Winckler,indie,track,Når kastanien står i blomst på Rådhuspladsen,2002,7z9gCpF2yfYUNgM9EgWldC
806,Jette Torp,indie,track,Good Times,2002,0XqBPVjnLdfKDopR4Eo3eG
807,Sako,indie,track,Yes Ouzoumem (Live),2002,5DGNnvV1oWwcfEJS3iQgme
808,Hamid Hami,indie,track,"Sam O Narges, Pt. 7",2002,4mvpX8hHGLK7LZPijhkK6v
809,Hardev Mahinangal,indie,track,Jhulde Rehan Nishan,2002,6CEwDxzSjSDVmcZrKuo49E
810,Kazzabe,indie,track,El Pum Pum,2002,4TpINwUGVE6Q2n9iUaJ2Av
811,Cristian Fernandes,indie,track,O Baile,2002,4cIpUc5s59RkZNdiPTVV9C
812,Broa de Mel,indie,track,E Desde Esse Dia,2002,6OMmNAA8fwxP5LXtBqYsF2
813,Suzana,indie,track,A Mesma de Sempre,2002,2Yfk4tRKCHFEXYYtXbZo4R
814,Tolis Voskopoulos,indie,track,As Iha Ki Alli Mia Zoi,2002,54wRccaMqEaDmcvRacBIUR
815,Mahesh Budathoki,indie,track,Kasle Bhanchha Kathai! Bari Lai,2002,5Ow71mDK4EtJE9EMM7IKk8
816,Jeanne Newhall,indie,track,Frere Jacques,2002,3zj9Rzot0e3BEbhsdn2pw6
817,Dirt Bike Annie,indie,track,Not an Eagle Scout (Demo),2002,4t5A59c7XD1SSBWG4dCfxI
818,Mikhail Krug,indie,track,"Жиган-лимон - Live Студия ""Ночное Такси""",2002,5oNPnU45qjrTWTlwVE6DQl
819,Milt Buckner,indie,track,Lights Out (10-28-46),2002,5hSenhT4ZYJich47pNNh9j
820,Mahesh Ranjan Shome,indie,track,Ma Go Anandamoyee,2002,3avMkz1AYvb0dA3FXQxI5l
821,Naďa Urbánková,indie,track,Drahý Můj,2002,3MoFk2Mz4M1FCD7BdHkrqd
822,One Ring Zero,indie,track,Rodeo Inferno,2002,18cPwvtERewbQzK5uEbPBD
823,Cho Kyu Chan,indie,track,Too Much Heaven,2002,3YH2G2LxszKAdmPHFs5ykr
824,Umberto Bindi,indie,track,"Vieni, Andiamo",2002,7bwkWzODPVoyhdqS0wrSEU
825,Karcsi Kadlott,indie,track,Pedro kocsmájában,2002,2BMlYvtzMAF96BbDJT5szp
826,Thanh Lan,indie,track,Cỏ Xót Xa Đưa,2002,19RsjLzCoQCqWXR0b4EEZN
827,Sunil Chhaila Bihari,indie,track,Khol Da Bhauji Kevadiya,2002,7yOJOuZaKtR2OUPnMk1drP
828,Philippe Lavil,indie,track,Presqu'il,2002,6Om6EeeCFafL4V7nlQbtN1
829,Riki Sorsa,indie,track,Punertava taivas,2002,6pZqSi8SRiEW5qIQwA6Xu4
830,Jasna Zlokic,indie,track,Vagabonde,2002,0h01CKOupGlJygrDBlHXof
831,Jayati Chakraborty,indie,track,Notun Pata Sangsar,2002,2lJF1IuwCffTxxfaxrbcMD
832,Vânia Bastos,indie,track,Paixão E Fé,2002,04zIMcbDHk3oOe7EMfQmWB
833,Choi Sung-Soo,indie,track,Alone,2002,6gjjy5txy3M0XGXroiyw5S
834,新乐尘符,indie,track,完美体贴 - 伴奏版,2002,79nbMg0McgV6NasELEKW1G
835,Tolis Voskopoulos,indie,track,Ki Eleges,2002,2meB8u9JadK7GB6v2ebwh6
836,Ý Lan,indie,track,Ở Trọ,2002,4jllaUIvoAfxCpNBEsOY1s
837,Sher Singh,indie,track,Jitthe Baba Balak Vasde,2002,0QH1alEYSPYxiFuge7UJzF
838,Vânia Bastos,indie,track,Nuvem Cigana,2002,2nCDw77d3Zg37bJ66Ca3Qf
839,Allen Clapp,indie,track,high above the earth,2002,5GL1bdrxAkTXiwIV1G9qAl
840,Pitsa Papadopoulou,indie,track,Ki Opos Anixes Tin Porta,2002,7afZSAXFrhEUsi9WifykLB
841,Zafeiris Melas,indie,track,I Skia Mou,2002,6ztXsxXXHP0USigEFcwUJx
842,Chance Nalubega,indie,track,Mukyakale,2002,38P6hLyQUr7bAn9JWk76bU
843,Sardool Sikander,indie,track,Maahi Di Nishani,2002,3VQEkIhzXEJa6MOZEhQXQz
844,Tolis Voskopoulos,indie,track,Lipame,2002,1HILpVkfILfXTNwMaoEJHo
845,Naseebo Lal,indie,track,Aj Yaar Sohna Mil Gaya,2002,5295j01xZ4lTDPoBqTWkpa
846,Olavi Virta,indie,track,Romanesca,2002,52998jJ6ZEdKlDsFMVTv9k
847,Thara,indie,track,Set Me Free,2002,51j47qunmDVRJvKyCDVL4N
848,Ice Cream,indie,track,Kam kraya,2002,2qQcsmgqxaF7JREEufIk1w
849,Stella Parton,indie,track,It's Not Over,2002,6ZfgQrm7Uutj9N6kxlPkMU
850,Jets Under Fire,indie,track,Skin Was My Only Armor,2002,1K8w3T0DCEdr7rFWtytk5M
851,Pamma,indie,track,Chattri,2002,5UlcQJK01mlL2h5kRcgBYu
852,Monir Khan,indie,track,Ami Beche Thake Chai,2002,0DXC00SRxIus4KRSLw0yNz
853,Vince Hill,indie,track,Pray For Love,2002,2nF9BQwBUbyxBZuVNAsPDJ
854,Naseebo Lal,indie,track,Nimani Tera Rah Takdi,2002,5tJ9gafXeGxCaghUUWSJHH
855,Milt Buckner,indie,track,Slow Rock (04-05-51),2002,2mzmg21IIM81WmmST3XfFT
856,Harout Khachoyan,indie,track,Sari Blbul,2002,4ITKV6oCKn5fjV6GQMBnmz
857,Ambondrona,indie,track,Rahoviana,2002,7yGGA6kPx12rLbQ436xNJz
858,Eduard Khil,indie,track,Свет вечного огня,2002,3JnBDs1rKopHnawMTzKUlx
859,Sinisa Vuco,indie,track,Hladna Ti Je Voda Cetina,2002,4IUCUCgtTmRZNZjQkUenL6
860,Karnail Rana,indie,track,Aaya Vasoaa Ni Maaye,2002,49Ep6AqN7FgR9TTsTYIATS
861,Fiona Pears,indie,track,On A Branch,2002,1UD2G8SNgnnkLSXpHSOB4r
862,Aleksandr Marshal,indie,track,Батя,2002,322Ol72pHVeMK5TxHsX463
863,Sukhdev Sukha,indie,track,Akh Bekadran Naal,2002,6XCIpWUcdMTqrKrfHfZeAL
864,Devan Ekambaram,indie,track,Thillana,2002,27EMlP0UfHpaQkULL8yB5C
865,DM3,indie,track,Find Out,2002,0kUQ9ONI2aJNRLo1cNEG9t
866,Giorgio Gaber,indie,track,Trani A Gogò,2002,2p8PQTiK0BenS2GE4gbTqT
867,Oscar Agudelo,indie,track,Después de una Ilusión un Desengaño,2002,0gDvYCen4ptmJPDPnSwgeg
868,Leroy Anderson,indie,track,The Syncopated Clock,2002,6hCGsRbXlCqkvZFyFUiHyE
869,Javiera,indie,track,A Tu Lada Estoy,2002,0IO4fQKXspL7NkeN8hTWF7
870,Jo Vally,indie,track,Laat De Zon Toch In Je Hart,2002,0XBmSMcC8J9bD2DfCcX9Yg
871,Speedmarket Avenue,indie,track,I Can Tell By Her Eyes,2002,1Q11IDKitDe5rf2j36Qsgu
872,Petra Janů,indie,track,Není Nám Už Sedmnáct,2002,06bPZA9EKy4XoqJwnriG35
873,Celia Gamez,indie,track,"Mi Color Marfil (Canción Fox) (De "" Rumbo a Pique "" )",2002,7ldau6PKp2dfhrJMrx6FF8
874,Jo Vally,indie,track,Had Ik Jou Maar Nooit Gekend,2002,4ei8GDB3wAKIwr9Pp8VCYo
875,Bonet de San Pedro,indie,track,Cala D'or (Son),2002,2idT8ojwTZtfCfRCqH1hLP
876,Vladimir Asmolov,indie,track,Я тебя люблю,2002,5ZWFj0YggLG2KY9TL5Uda3
877,Kalpana Patowary,indie,track,Chooda Rang Dihein Choliya,2002,353He9aq6aMw72CG225dZ8
878,Salim Shekhawas,indie,track,Gori Atri Kyo Chillaway,2002,2lID4AbOQbuZlRh3694n8y
879,Ethel Smith,indie,track,St. Louis Blues,2002,47PN9AehdnHy68PD6VpSSC
880,Anupam Saikia,indie,track,Karo Talo Kamala,2002,1nn0WrNR6kWT6Xl1gSFAzx
881,Olavi Virta,indie,track,Angelique,2002,6Y97JXAhQkk9j1rX2IhIJX
882,Suresh Wadkar,indie,track,Bhavbhaktine Sambhu Pujava,2002,3FEbPBXKiFLcLMBy7K5hMB
883,Anand Shinde,indie,track,Shikvila Ghada Tu Lankesh Ravana,2002,3Fkbbsilo1WJzKdoLo1y9S
884,Hacer,indie,track,Nerdesin,2002,3FlE71d0zv1JkSBqI49nsO
885,Boyracer,indie,track,Temper - Version,2002,59RfcB09WYxRtFKF2FL7Yb
886,Satinath Mukherjee,indie,track,Mahaprosthan Story - Dialogues,2002,3UcifyO2s9OPaiRR2IIR6Y
887,Jayati Chakraborty,indie,track,Tomar Chokher Aaynate,2002,761nK4eTAwHGRyb13rr3Eg
888,Celia Gamez,indie,track,Los Húsares de la Parada (Marcha) - Remastered,2002,3oVBPUPTiPW5M7eC4WW6q1
889,Nuša Derenda,indie,track,Cuando calienta el sol,2002,1GCgjYXm9nEmb7gkMwXgML
890,Valadis,indie,track,Storgi,2002,5vJ3D87BmlTkpJL9OEMFoh
891,Farah Lal,indie,track,Mitha Paan Jadon Rakhiya,2002,0D7Vt8GSo7ZQIopMOCdocl
892,Ileana Constantinescu,indie,track,Măicuța când m-a făcut,2002,4MVZY0uqr1mxdBQE5dRSaV
893,Mazā Ģilde,indie,track,"Tik deļ jums, daiļās dāmas",2002,4viR7hR0QGO30V69kYWMP7
894,Monir Khan,indie,track,Tomake Hariye Ami,2002,5KzOI5MxeUZLysfnaS4zGB
895,Suresh Wadkar,indie,track,Govind Bolo Hari Bolo,2002,5mne9hBTINYf5zMoLrU7mL
896,Tamara Gverdtsiteli,indie,track,Чио-чио-сан,2002,4RNdft5iVhdFlxlNMxDIWC
897,Firoza Begum,indie,track,Sakhi Aar Abhiman Janabo Na (with Narration),2002,5Mh3BKAkQgiilHWtWW8NvH
898,Valadis,indie,track,Aggelos,2002,1xxBMV17wuiNmRMxxD3flj
899,Litsa Diamanti,indie,track,I Kataktisis Pan Kala,2002,1sGsIwxn1sXUlBnkoEf34r
