,artista,id_artista,genero,tipo,nombre,anio_lanzamiento,id
0,Raimon,53gngrNkCMQim2Fg4qbHZm,rock,track,T'he Conegut Sempre Igual,2000,2DcZQZM2vA0rWEpKFTcwQs
1,Oskorri,4gmiT7yNuaHkQIAVTXPGwP,rock,track,Amak Ezkondu Ninduen,2000,6sR4FSzbMlKtZrNELf6sX2
2,Fes-te Fotre,4Q0BMNWCvEflRzdVjkhWAz,rock,track,Torno a Ser Jo,2000,66VqLrzrkAF04aIFe4OjHf
3,Andrés Calamaro,3tAICgiSR5PfYY4B8qsoAU,rock,track,Jugar con fuego,2000,2Y4AW6LTpQSEpgo01uKpg6
4,Raimon,53gngrNkCMQim2Fg4qbHZm,rock,track,"D'un Temps, D'un País",2000,06qNwpyQxsIA11mk8AOJTB
5,Lax'n'Busto,7Ix9GNTGIUIFBpPC6K0QeP,rock,track,Pero Mai Tu,2000,0fbyOCf5Hn0pPML3OCtuiX
6,Bars,5xS5pl0rriQf5ktTd8a3Ms,rock,track,Tu T'ho Has Buscat,2000,2p3u4dnaQTvmlDU4XZpubh
7,Bide Ertzean,13XN1Eo37ZDZEvA8p9tUjc,rock,track,Lilian,2000,0jl8fu8nnH23dSP4qwF37O
8,Raimon,53gngrNkCMQim2Fg4qbHZm,rock,track,Parlant-me de Tu,2000,624MeTbPYd7GiIIjst0raA
9,"Quico El Célio, El Noi I El Mut De Ferreries",5LOckPuG4JKRzJfJoYZT2w,rock,track,Pepeta La Paisana,2000,1qxk9A4df8OpyllLHmYLyQ
10,Joan Isaac,4PbDUsKSSA1e5F1bPG8UqG,rock,track,Il Momento per Lei,2000,4KLEUWf9Sm7p1KdV2pGqc9
11,Ruxe Ruxe,1YFrhov5H4KBd13rWQvzpe,rock,track,Land Rover,2000,7rsStQ4kREV4AyZrdspd8a
12,Riesgo de Contagio,5xwNWlB2SB0yzaAQOgcysm,rock,track,Un Nuevo Juguete - En Vivo,2000,6twe1C7mVYfpeKj24Ct4C6
13,Roht,1qS4q6hUwjs1e9Il1ZddSy,rock,track,A Song For The Rock Critic,2000,3ZJXE56oCbkWzeITvajjSR
14,Tommy Bolin,5FCC6oo9PupahFuLGEPdMB,rock,track,I Fell in Love - Live,2000,56LLKgCQMZdzDjC1Sx6wn5
15,Bikini,5hLLs4nJdYwC3187Zv6HkI,rock,track,"Egy korsó, egy pohár (remix)",2000,17IH2n9W3Rsb2VUebreegd
16,ТЕЛЬНЮК: Сестри,5CtVT8EwE2Ne1WmGRHVqXF,rock,track,Скрипка - Live,2000,31psXRFumgnCT5g0CFvBzI
17,Gerardo Enciso,2GC07re8rpzd4pGQpmt1uL,rock,track,Tarará,2000,1rhyS3utrgrWG19yadPGEW
18,Емил Димитров,2fyX3KN0QchIB4mRmwKbzn,rock,track,"Сбогом, Мария",2000,4lPc3fes9pmJLGzey2BKkF
19,Joanie Leeds,4KOQZQuOdq1Zllyn7Nr4hK,rock,track,Miami,2000,49EDfGtHtfInSG07BLed0T
20,Snog,7ebUI6NYL5xuA5G81lE2CL,rock,track,The Crumbling Land,2000,4rqqUA6BxuppYzJsCE7xVL
21,Curved Air,3UtSTTCQ0EMUQxmsfZ3Px1,rock,track,"Propositions - Live, The Town And Country Club 2, London, 23 September 1990",2000,6eCsnqxzk1UJHhsnveqZwl
22,Daniel Johnston,1jeYbk5eqo6wgsQPjLeU5w,rock,track,Tuesday Waltz,2000,660SlzxaXV9GiR9SMpxTYs
23,Derrick Morgan,2RM3xqQNdhZknQBsyQl3ZM,rock,track,Feel so Fine,2000,3eJeyjmRnIxjtXAuwsC8yr
24,Riesgo de Contagio,5xwNWlB2SB0yzaAQOgcysm,rock,track,Mimo Mucho a Mi Mamá - En Vivo,2000,2PBVkTjYzT5ri0VAQ8uCw4
25,Luís Represas,5iiwTLMz1fDCbiAJ6yOZAe,rock,track,Cinco Estradas,2000,1lQcqLGpsEHrgEziuWQoX2
26,The Cleftones,55vDUEAKaeyEYSlzm5rRyf,rock,track,The Masquerade Is Over,2000,5Yn7R31x3vJBDp8r8YyN3s
27,The Buckaroos,74wE2KMCkSnUpjtgKF9cUr,rock,track,Habanero Hot Sauce Queen,2000,35ArQEjQXs9o7bRi114oYA
28,Lazy Bone,5xbusVF0EIYaLlgdckuwW1,rock,track,모르겠어요 I Don't Know,2000,19qosa5GeK95DHMRIv0NnR
29,Lack Of Limits,3KAMhvtEwHSRolXqJrUrvW,rock,track,Black 'n' Tans - Live,2000,4PNczvJvrcdgdEfoNdG1Qy
30,Thom Shepherd,2ddAJdT2r84S4Ss1Is3Eud,rock,track,Bye George,2000,42bfCXzhNaP8merNR2RZDF
31,Giorgio Gaber,7sjeFi52xnDK82OfIhUOqU,rock,track,Grazie Tante,2000,5xLGsk49S0ICOVUB57jU8G
32,Jet Boys,3at7rmnXxlfkIM1Nd6t6Qv,rock,track,Let's Gon,2000,37Pil3vb7z0tdWlKXVNZnE
33,Mark Wynter,3OBsMrq6yrP1a3kSi1Acte,rock,track,Please Come Back To Me,2000,2A7fjCP72fWgWM8a4EKS9W
34,Renato Borghetti,36yjG0IcS2DjJdMwsAZgWK,rock,track,Prenda Minha,2000,7kEQOPHTu4uzBGhyxgR36N
35,Bacotexo,4iKWiHDJSBtpDiJ5VeNSVb,rock,track,As de Corazóis,2000,5CvUmloAQTgBmAd2WhkLhN
36,Mickey Gilley,5kFY4Bv5VRSBsM6CUYBoTC,rock,track,I'll Make It All Up To You,2000,4l2nHPTFzI7S0CUf9VnwEv
37,Quilapayún,76sZcEL2ZXBTqNeFJAhlup,rock,track,Soy del Pueblo,2000,42FscZpe7emsgfAgLmHo9v
38,Red House,7ehd3wVPxX6ur8aj2v2h4a,rock,track,Big Brown Latin Eyes,2000,7IjV6YD075JB5jUeIhtGAS
39,Los João,7u23Qh2OuzqBbQEuzHh7X9,rock,track,Corazón Espinado,2000,6GDcowuUPoL0aIotU4wC3u
40,Cloroform,2BPB6JGO9x7tAjfGAjNedu,rock,track,Can't Hold This,2000,6UoLC3cLpd8PsoaFII9KKp
41,Владимир Высоцкий,6hKLYGlOtGVNzZUuvS99Nw,rock,track,Злая мачеха у Маши…,2000,6nN12sR3fBM5LXq2ucu6Mh
42,Okay Temiz,6yajM6C42NTolTtmV0q2cq,rock,track,High Fly,2000,3rPFLkj1JsnJRSzY8yMVcf
43,Repe,1LQX3VSrsQh0AomLSSQQ0j,rock,track,La Mano,2000,4JY9zmLKZT5mbuhvvDrh5b
44,Asa Brebner,6V4uqBVnVdnDc6tWYF8vck,rock,track,Unhappy Birthday Girl,2000,0Uwi5uP6UYBhjBVBDJi3rH
45,The Searchers,4QmkLL9JOqM9dusHS1Hghe,rock,track,You Can't Lie to a Liar,2000,2ssUCraVBNZEFB0TghN00N
46,Bob Karwin,3Fat9uTejXtMkTkgDx4Dga,rock,track,Ignorance,2000,7IvDCCR4fYIKlQOgNri5Eo
47,Plastiko,5lSJ2p4XexDs3wyYhH7c7L,rock,track,Que Se Sienta,2000,4fr05zoQUgz2VUL3Ijpq3n
48,Atrocity,050NpEYZ5xFUS1BOAZjVmX,rock,track,Taste of Sin - Slam Bam Remix,2000,5fW7oPRNuxEvEsZwOka3yN
49,Birth Control,69wYvVWNm68Vrndzw0GZgR,rock,track,The Work Is Done,2000,1hE3z8PX7Bf0Jc1qb4sofd
50,Miquel Pujadó,6MOD9zjjBITsJ5MHEmJpRG,rock,track,Somriures Que Mosseguen,2000,42EhhG8Bzqom639UvpzAzC
51,Dan Toren,285uARLcuYJ5SqmbGnJuRl,rock,track,אמיתי וטעים,2000,4J7H2FoTXp3Z0s6ujeaBOE
52,John Wetton,0rk01XEfDhJhnBFp0LT1HQ,rock,track,Only Time Will Tell - Live,2000,6dcvYQ68vmJRBChRHlk5KU
53,Delinquentes,4gO3DqPa8ctWYIXOHux2Gq,rock,track,Tribos,2000,66esbuZdNCgmRtDJ7KLVk0
54,Tommy Steele,2eUMWLKLpPyMWuTgoMgEG6,rock,track,Hiawatha,2000,2T8S8qMehDS3v5iAAVGoDC
55,Carptree,4StWYdyiHiVl3cJVixlxPy,rock,track,Together alive,2000,34x11H6xH0LiyGTUs3j3GZ
56,Владимир Высоцкий,6hKLYGlOtGVNzZUuvS99Nw,rock,track,Цыганка с картами…,2000,5VgCCv8t3K77vukCFMLv7s
57,Red Cardell,2g7t7RjsnmhA6WfB6fq90u,rock,track,Péplum,2000,3VZhfc5JvUrKorDXxO1VY9
58,Zvuki Mu,7cZCHoW0UAnBmecxXMQycM,rock,track,Бронепоезд,2000,26iCg39bfwhX4fu1QTr2wx
59,Sol D' Menta,3M7TZ0B7GuHjAb8KqBY968,rock,track,Perro Callejero,2000,0CYl4r1RVFsulsOABB6hXr
60,Derrick Morgan,2RM3xqQNdhZknQBsyQl3ZM,rock,track,Travel On,2000,0n111DRgGW5Pu0pRw4uPqD
61,The Diamonds,3s9kaLrpplvv4vIzZBYPga,rock,track,One and Only,2000,2xnDJ5mn9RqeewSvTfLKt6
62,Albert Hammond,34E3csCxpXunPGEkOVVX2g,rock,track,The Free Electric Band,2000,4J88ldoeHiPMaFqjIH6OKA
63,Boo!,39dPrvOQpekY24oOeKGYlq,rock,track,Blêrrie Hunter - 4,2000,26sCW6T8ZxMHN7mmmJYwB8
64,Joe Bennett,4kcy0Kk127TBaKMiDD34Ct,rock,track,Last Night I Dreamed Of New Orleans,2000,1pyABWGTiT5kCkOKhnCEE7
65,Birth Control,69wYvVWNm68Vrndzw0GZgR,rock,track,Jungle City,2000,1IKUStVKbUBT5ZlNfaA0BV
66,Too Tall Jones,34bMYSqnGlsJvdUlMUgD3j,rock,track,I Died in Rock and Roll,2000,5OiM6aV2FdPj9uMhibZojP
67,Liaison,5LhQG6vFPpJRqpG5geRcE3,rock,track,Le gout la vie,2000,4yp4Xuv2I0zMSriL1eAKSX
68,Snog,7ebUI6NYL5xuA5G81lE2CL,rock,track,Real Estate Man-1 - Ubin Offer Affordable Solutions,2000,31q1MHCW6NWWwi2Z6qVMlL
69,МультFильмы,7EyMDLmjfGiwLlxqiVXCBK,rock,track,StereoСигнал (ET Mix),2000,34l3lqLMMAn10YHchJaWSV
70,Sugar Minott,6iTD167bhyfYwEd7fd2bGn,rock,track,What Goes Around Comes Around,2000,69HlOUQuqtzjvzdXvGEAxN
71,Siakol,3l9mRJIGzW7RrEE2H8Ldvq,rock,track,Wala - Minus One,2000,2ipyX0RrOEgOpyBkj3ZBZq
72,John Holt,312pFk2xpEwYWLGPehc4Nu,rock,track,All the Love I've Got,2000,6iChZry7JM8IdMapusku2C
73,Wraygunn,0VOVV9sfnFMwhYWNX9mMHa,rock,track,Lust,2000,2XHPM3yEcNUGCnqLkAD8Sx
74,Jamrud,5lk9qdr0u90LwpeyZH8ib0,rock,track,Otak Kotor,2000,3qkv7Y8AWGBIjuATJ7QmNf
75,Kind Of Blue,6mFwMkTXmRlflncPi3huai,rock,track,The Great Big Feeling,2000,0n5uEHIMIfm0flgVxgEd3f
76,Oskorri,4gmiT7yNuaHkQIAVTXPGwP,rock,track,Galai bat etorri zait - Instrumental,2000,3oWwowbey7PslfVfJXH9Ri
77,Monna Bell,2aJtGPY592hgmkGzD9oleC,rock,track,¿Qué haces tú? (Fox-Swing) - Remastered 2015,2000,7HrW2OaxlD9tAX3NRykgg0
78,Autour de Lucie,0IVSAGNJsY7HDhGlV1gghJ,rock,track,Chanson de l'arbre,2000,2pxHpWelqg7FC9UtaJOUdG
79,John Holt,312pFk2xpEwYWLGPehc4Nu,rock,track,We Are Grooving Together,2000,4UEexI5WdcaBgCmEIgOQux
80,Isis,1LONEO5qtKtO4HqMcc4OpC,rock,track,Around a Roundabout,2000,3iGnDo4GmIrocMgbW65uyS
81,George Jones,2OpqcUtj10HHvGG6h9VYC5,rock,track,We'll Understand It,2000,6rwMzKkqqeytNb9qL3AcGd
82,Bill Justis,0z16OEWcUEFzMRWBOGyOcF,rock,track,Raunchy,2000,44MYSEr4UhFBqkJX8oLtjR
83,Ho-Hum,0m2S5Mo14Pd35UCvD5Wzi6,rock,track,Take It Home,2000,7dhSVIVmKAz9vd9SRHmERK
84,Testeagles,74X9BDo427GwNtdOjmirdA,rock,track,B-Sting - Live,2000,2Cab4QI0M01qrDu5psplbH
85,Anthony B,7Lij2ZLJJQOfGojVR3Wmqa,rock,track,Nah Vote Again,2000,6UIFC7MgtxN9SSvvHirzsf
86,Spahn Ranch,4MGthkM13PyNgf5CJgIEKj,rock,track,Peel,2000,6CEXaCJOhZvT9NmGPqHSxp
87,Vrooom,7t32Dj2uZZF3WguWCvBhcV,rock,track,Wedding,2000,5GL0gfbitkwqPROUddczjG
88,Código Zero,2gEznpWJ42VS29wK71wmKq,rock,track,Adicto de Tu Voz,2000,0EKcTC6Ut6bnqqqC0eXW7a
89,Steevi Jaimz,79M2KGgLDjZEDAxttAwExT,rock,track,Talk of the Town,2000,6iDuYP8RNoCzUxa89PuQTE
90,Владимир Высоцкий,6hKLYGlOtGVNzZUuvS99Nw,rock,track,Нас не нужно жалеть,2000,3gWhK7C8oVXMwU2RNib7jN
91,Quarkspace,1mcRbMKJqBpzGfASjPBisi,rock,track,Bonzo's GSB,2000,4sEbNo3CYihj6mqQUMe4jc
92,Jorge Calleja,5ahnFRe92QQTVOVvaT9PNv,rock,track,En ese camino empedrado: III. …y pare a esa mula,2000,2mai8PWqcv3LoclxX5rF7g
93,Freddy Cannon,1ffNa7yLg0ncUpBm5P03pm,rock,track,Muskrat Ramble,2000,5anGCVibixQHQFPix9xFbU
94,Steve Archer,0xTRrVwxWgdgqFSGnFneBV,rock,track,White Christmas,2000,7zs2NfFqqRm1G4UZW5ghH0
95,Karina,7kL7lbaqaHIUB3Ol5YU69a,rock,track,"En un Mundo Nuevo - De : ""En un Mundo Nuevo - 1972",2000,7EjKtRMUWQvYPdRiW1ILtX
96,NLF3,4Zaqwc3e3h2RB5XrBX5rPT,rock,track,2.5,2000,0TwiC1U7Nl4nALXea0IdtZ
97,Testeagles,74X9BDo427GwNtdOjmirdA,rock,track,Agent 99 - Live,2000,6PwZ00Qhn8EypZi7swD5Ia
98,Buck Owens,2FMZn5P3WATd7Il6FgPJNu,rock,track,Tired Of Living',2000,2cjpZ1ZwmBM02O6b4B8v38
99,Владимир Высоцкий,6hKLYGlOtGVNzZUuvS99Nw,rock,track,Мы верные испытанные кони…,2000,6rvYinP1cEAxPl5PzInNqi
100,Terry Noland,7ennrcRfXOBZKLkKcH4S6R,rock,track,Let Me Be Your Hero,2000,0XqbACSxz52mDt16Jc20f0
101,Quarkspace,1mcRbMKJqBpzGfASjPBisi,rock,track,D.O.B.H. #1,2000,0XqqGbeZCIZy7nvCx81UZM
102,Brenda Lee,4cPHsZM98sKzmV26wlwD2W,rock,track,Rockin' Around The Christmas Tree,2000,5VtwsWUCoV905CaSElTlIp
103,Shidee,5fqQEqclaWGkm1RI1GZTQJ,rock,track,Selamat Tinggal Kekasih,2000,5wRQu3rN4XxFPrDyTAIuIs
104,Jan & Dean,0pqGj6vO9YHsXuZmaJaP2Y,rock,track,Barbara Ann,2000,11kjgMSsPRV79x2LGmIaJg
105,Afroditi Manou,07OxvqfNqY6diXsGeVWVkA,rock,track,Hameni Zoi,2000,7zQENXeuaOVZqQCfLETXNG
106,Snog,7ebUI6NYL5xuA5G81lE2CL,rock,track,The Last Diamond - Xingu Hill Slices the Soft Earth,2000,69HaRcHLV8ivsOYRALYpRl
107,Niños Mutantes,1ysmkH7bwM193VEqdtwgfn,rock,track,Florecer,2000,1sYdMzwyIw4xm8ZkTxtCeS
108,Gilad Kahana,4hF3Jg1HZqfV8e5xvbgPvm,rock,track,מלחמה וחזון,2000,1SYceipPNrEzuKlmg13Co2
109,Владимир Высоцкий,6hKLYGlOtGVNzZUuvS99Nw,rock,track,"На Колыме, где север и тайга кругом…",2000,75cEPEYeYTJVSZDxUDBZ1i
110,Pleasurehorse,2ftPsriLNir8FcqqzppXLF,rock,track,Re: Vip,2000,63sSEL83LNaEARyn2YygpQ
111,Roy Orbison,0JDkhL4rjiPNEp92jAgJnS,rock,track,Go Go Go,2000,0WjBarf12B3TWiHiMcViMH
112,Raimon,53gngrNkCMQim2Fg4qbHZm,rock,track,Petita Cançó de la Teva Mort,2000,3JDDdhsWhpiFqN51ZpRnKx
113,Ruxe Ruxe,1YFrhov5H4KBd13rWQvzpe,rock,track,Come On Carolina,2000,2IcJQpfzTlbzAQIrljc3Bk
114,Hayden Thompson,2n4u9CWqXeYdpW9Zct4hmk,rock,track,One Broken Heart,2000,5V8jTnDDqa1GokbAp6Vx6R
115,Marcio Mello,7Ht1ZShcwdYSjkhB111b7s,rock,track,Tonelada de amor,2000,1E1fpKSxtrenGoAH60m1n9
116,Hljómar,2BXEG2yarazI9hY5ZsHJaQ,rock,track,Þú og ég,2000,4eVALejrw9sjBuaVeYzK4m
117,The Oak Ridge Boys,3XnO697XIus1M0cMuxZjos,rock,track,I Know,2000,2BqTogyaOgmYGFAEDCqmEO
118,Miquel Pujadó,6MOD9zjjBITsJ5MHEmJpRG,rock,track,La Senyora Cançó,2000,0EQ1RtYnCXyyJeoFoeM8Xc
119,Siakol,3l9mRJIGzW7RrEE2H8Ldvq,rock,track,Magsaya - Minus One,2000,6RzUcL254N2h1rWypj00Dq
120,Veljo Tormis,0Idpvxe8nO6ZOciUbB5eSa,rock,track,Jõulud tulevad (Christmas Is Coming),2000,6VfBIV4ZmUA3ifeblhedcC
121,Giorgio Gaber,7sjeFi52xnDK82OfIhUOqU,rock,track,Benzina E Cerini,2000,7D8Bkt5IoBKSWXbxy5Gauz
122,Emile Ford & The Checkmates,2qyvlQ4Ku5zc2mk4pYamzC,rock,track,Afraid,2000,12eTxHDuAE4g5mau9KShxc
123,Владимир Высоцкий,6hKLYGlOtGVNzZUuvS99Nw,rock,track,"Из поэмы ""Оза""",2000,7dvyT1f9r6BeDxAYR9QZbJ
124,Lew Jetton & 61 South,7KwDJYTtPJaGVd03idY8Uo,rock,track,House Cat Blues,2000,6rbBz0XL07YN9wlJad35JX
125,Johnnie Ray,6SQKNCUKIWjR1pQ1U3PZZq,rock,track,Everyday,2000,06bNg1A1lXZPjMAf7hTTjs
126,Toto Blanke,4YkKqol5hpLQs92oTF7UZo,rock,track,San Ignacio,2000,5cxkajsniQyY0Hh0PcARBL
127,John Holt,312pFk2xpEwYWLGPehc4Nu,rock,track,Wolf & Leopard,2000,0UHi8d99HwnlLM0YCtXPWv
128,Marty Wilde,49Jb7NSMLFMM3n8M7BNRxN,rock,track,Are You Sincere,2000,6gXGancTYiYOGjqaRvUQ8z
129,The Original Turtle Shell Band,7atdiQyw50aBNCzd2pVjUz,rock,track,Hie a Bie,2000,5mD9tPu3vpDGb1Cths16NK
130,The Sounds,0W2XAE5AnBWqcGNhfupEOU,rock,track,So Unnecessary,2000,52H63rsv9wvlqfUUaIdZea
131,Blast Off,1OO0MeY4VnAUPG0qXVNTRV,rock,track,You Cant Avoid the Past,2000,6pq1i75vU1acRKmMtoKC4o
132,Emile Ford & The Checkmates,2qyvlQ4Ku5zc2mk4pYamzC,rock,track,I Wonder Who's Kissing Her Now,2000,36XEMQf4TwRgBxSSp24uMQ
133,Riesgo de Contagio,5xwNWlB2SB0yzaAQOgcysm,rock,track,Congelada - En Vivo,2000,0kA2BU3WgOfp0UBex8ig4p
134,Ovidi Montllor,3GBaJmaRSCLv9DZXo5tgRL,rock,track,La fàbrica paulac,2000,2r3pk7u6hsQcowE5maasMf
135,Tequila Baby,2PpPgzTMMJEEhJuTwvOTIg,rock,track,Quando Eu Entrar Na Sua Vida - Ao Vivo,2000,0ppM1dnyw2tyZt2F5SPwFH
136,Jet Boys,3at7rmnXxlfkIM1Nd6t6Qv,rock,track,Ready Jet Go !!,2000,0t8D9Pg2t56Do2HjxnlOcJ
137,Sheena Easton,5dcOK4stT4JDkP6Dqhbz5s,rock,track,Get Here To Me,2000,6KaTTpXh2I0oS2Zb3OS3Uq
138,The Ancient Gallery,1w44KUBCmMhtj4MejBsapR,rock,track,Durch,2000,7tJhImAKRUVBFriLsumt11
139,Okay Temiz,6yajM6C42NTolTtmV0q2cq,rock,track,Radop Dağları,2000,5tJqeoN0kRaZNxRSL1VD37
140,Max Lorentz,7KC0RyuGipafI3CZQMXN6d,rock,track,Ordinary Man (bonus track),2000,4lQLn7A0FAd29RGFfMiwS4
141,Hell On Wheels,5EQgKyaGRyS8kb97EKWHqu,rock,track,The Reign Of Someone Elses UFO:s,2000,7fFRk6tFumjqqLflIQv47r
142,Mechanics,1g8prfVCYNgqM9kSnHkLOw,rock,track,Synthetic Space Invader,2000,2v3q1j2n7UFlzHgWOt82DZ
143,Glen Campbell,59hLmB5DrdihCYtNeFeW1U,rock,track,Guitar Child,2000,083TKYKJipOjbjb8Z9n7SO
144,Björgvin Halldórsson,0bPOOMpOPbgBrsOrt1Sfvi,rock,track,Svo koma jólin,2000,0CXcODlHuVnWatm52wtQOV
145,Delinquentes,4gO3DqPa8ctWYIXOHux2Gq,rock,track,A Fábrica,2000,0QoW1x30p3VcmJ8fuqBUjG
146,Toni Dimitrova,1PXfmxVOhU4tXzDmmdziKV,rock,track,Молба,2000,6GDos2Bp1HlxxmI6wgK3QB
147,Bobby Darin,0EodhzA6yW1bIdD5B4tcmJ,rock,track,Baby Born Today,2000,6DHhpPzediUv9CVIhCUBWV
148,Kirka,1RJAalQs0oU7mC5krUYvrO,rock,track,Pikku Elvis,2000,6EMrdOfjGeVbKywqwYa7Rk
149,The Searchers,4QmkLL9JOqM9dusHS1Hghe,rock,track,Glad All Over - Mono,2000,5gIA5oWcSJfLBo10FAbf40
150,Cliff Richard & The Shadows,4IdvJZeciaa37wYr2qBpjm,rock,track,Lamp Of Love,2000,5joYUSlNIzcaotz1TS32Ps
151,Rantés,7bSngAID20GjseBFJNUUav,rock,track,Eras Tú,2000,462891OQMEvIUP9eEl18Kc
152,LZ,0LzxDZGNAOwwmaxkbCZsb0,rock,track,Ако те погаля,2000,5TxI1pvPjwzpVns2ceXy7P
153,Mc Mabon,4LNSdaoeQ1A9vghBUxXX0X,rock,track,Helynt Y Dannodd Annodd,2000,0MmLDBp7luvFOyeO1pN7tf
154,Marvin Rainwater,0io243tshqbvutIxj44rMy,rock,track,Dem Low Down Blues,2000,4QidKGOeYI30stycmCe0Fc
155,Delinquentes,4gO3DqPa8ctWYIXOHux2Gq,rock,track,Ficção,2000,7GK8b0yLa7m6XWDO1LTFAx
156,John Holt,312pFk2xpEwYWLGPehc4Nu,rock,track,How Could I Live,2000,4NXiyLjPIFxL8i134Vj4Jx
157,The Searchers,4QmkLL9JOqM9dusHS1Hghe,rock,track,Bumble Bee,2000,4ypcOzhWp9aLQFdsrWTDIm
158,Liaison,5LhQG6vFPpJRqpG5geRcE3,rock,track,Femme bagatel,2000,5U7o9ldoeADMFBCZD1J1AV
159,Quilapayún,76sZcEL2ZXBTqNeFJAhlup,rock,track,Temporada,2000,2vc8Bh0kmLgEYK9TcS8prd
160,Riesgo de Contagio,5xwNWlB2SB0yzaAQOgcysm,rock,track,Martínez - En Vivo,2000,6de1ui8dqK4PBFE8zmSqa0
161,Bobby Rydell,4hJTgr1adnhIkhmD9jLzd6,rock,track,The Birth Of The Blues,2000,0wKj7v3d6VkNdT53PsVNj3
162,The Aviators,6DovHwQ7pFQe9riqJxI2Np,rock,track,Never Till Now,2000,0tQddC1ko1kHABd9dWty0l
163,Panta Rhei,48id9frErp8fSAaDLWc8I6,rock,track,Finis,2000,2R1RlN24qHLw4rxm5hX2Y8
164,Okay Temiz,6yajM6C42NTolTtmV0q2cq,rock,track,Folk Song,2000,6hr8nozInbhQ4VNqRVloWZ
165,Judy Collins,5yzE49FicYiSxN61oaxkNn,rock,track,Little Brown Dog,2000,5sWXC8bUB2xCcASrnaBFEW
166,Wayne Faust,4wkrqeYsWz4nXJRJCskll7,rock,track,Winnebago,2000,69ztpyG8mTLEmkO4Jj6iAZ
167,The Oak Ridge Boys,3XnO697XIus1M0cMuxZjos,rock,track,In The Shelter Of His Arms,2000,1pcpfUph67hCIzBs1SrDrx
168,Ghettobillies,6YiIckTSbF2HfeTCXg9PU9,rock,track,Plumber's Lament,2000,7jSbfaKhUr6pkmuukfmATR
169,Ra'ash,2HeqWL556ReJugW82iLLQT,rock,track,הנה אתה,2000,1U1niXl9mygdpeM0YFjhS6
170,Okay Temiz,6yajM6C42NTolTtmV0q2cq,rock,track,Moving Wagon,2000,1iqSlOdrWgcFmYonOCmiYr
171,Zvuki Mu,7cZCHoW0UAnBmecxXMQycM,rock,track,Крым,2000,5N0E3Zbh29IAfLVtG72N6O
172,Raimon,53gngrNkCMQim2Fg4qbHZm,rock,track,Si un Dia Vols - En Directe,2000,7m2D9a3JqRQwBCntjSSaB0
173,Veljo Tormis,0Idpvxe8nO6ZOciUbB5eSa,rock,track,Mardilaulud (Martinmas Songs): I. Mardid ukse taga (Martinmas Beggars behind the Door),2000,7dsRmvQkGaVIWfdrE4z7gX
174,Los Silver Star,6CTqFWJlzyKHtEcVfdLMsP,rock,track,Linda Ya No Te Aguanto,2000,4o7e3JsNBwaZSjg9CX208X
175,Presser Gabor,0G3PMZ1z0G7ziXrjryetoR,rock,track,Valaki mondja meg,2000,7cFICtJsqnJnQSbY5KuYpM
176,Ken Boothe,6jg1EbpTL27toPdfzveorJ,rock,track,Jabnet,2000,1PDG9bPG8T7yKrl6xYjywG
177,麦田守望者,59za0ANTsmUiYcte26Wzvg,rock,track,Please,2000,5PdiWwLpUDbnNRbzanZTD2
178,HLH flokkurinn,2YJAktxfmSVrAOnNr24EgP,rock,track,"Nei, nei, ekki um jólin",2000,1qxEC9Ci9ZXzfj20OcgtbZ
179,Juan Hernández y Su Banda de Blues,1i7IEggecEKBWwXqsiQFqQ,rock,track,Los Legajos,2000,0Yy2EYXcJeyGXWCdlsgupd
180,John Wetton,0rk01XEfDhJhnBFp0LT1HQ,rock,track,Battle Lines - Live,2000,0s5Xp8Pspab0CwKkMKTMjx
181,Throwing Toasters,1i2iuXR6lwrF3lnReY9Ban,rock,track,Intimate Crowd,2000,7yU4ikGwUXB5z18JbVYyI6
182,Baraflokkurinn,7oYmAsQQfEzXwEoiRfcbid,rock,track,So long,2000,4pijeMxS4Xti4uARetr7fl
183,Rebecca St. James,1SaELUYn7deVoQ9kGDGUD9,rock,track,A Cradle Prayer,2000,5Y8KZhRA9PwFq2upoe1pwL
184,Insanity Wave,7pk98nyHCI6viNTPjZuond,rock,track,Tonight,2000,5itVhAXJ6Fw1NQiMbMNuA0
185,Quilapayún,76sZcEL2ZXBTqNeFJAhlup,rock,track,Seis Canciones Contingentes. La Merluza,2000,5B6r9xdmDB5COyXExyBGYr
186,Mínus,5HnjSXNynRJUJNzWFOt9BJ,rock,track,Modern Haircuts,2000,5LmQH0rQj1xRWsSVsw6cpi
187,Onar,29VrXPXn3f48oRTZFIH6NA,rock,track,Kratisa Kati Gia Mena,2000,4KhHcPXrfHohnnITLeR0j7
188,Delirium,70CgtFRYY0VmzL1lvGVtCI,rock,track,Loucamente,2000,4Xk5zlrP0y3buzQuMciZn6
189,Kemopetrol,67DiNAi0KIF2O0CwGLNJlI,rock,track,Without listening,2000,5ygR3ez6o4EoRPWlt8p7gA
190,Warren Smith,3EPmCVUm7QNc1fSrLsXGq5,rock,track,Ubangi Stomp,2000,4lgbv94POmmVjrRIyWtRmr
191,Juustopäät,0s53aChYWmZ3QG83A5QqK8,rock,track,Tuulimieli,2000,6VHCYYocVzEZYHIIiwiCxZ
192,Емил Димитров,2fyX3KN0QchIB4mRmwKbzn,rock,track,И между две целувки,2000,26QrB6LexZBTkumt9DmvLo
193,Bernard Falaise,2vfSR44oLfjfOBiDS1NsRQ,rock,track,L’alchimiste et l’enlumineur,2000,3J6M8yjNH1xicPAesCqsqB
194,Renato Borghetti,36yjG0IcS2DjJdMwsAZgWK,rock,track,Porto Alegre,2000,12Z9fIIMy4eIpgAy69mBrT
195,Laura Canoura,0ATxyDnFvftkIT21OZu80N,rock,track,Furiosa - En Vivo,2000,7M77a7jWLJJywghaVJj78W
196,Snog,7ebUI6NYL5xuA5G81lE2CL,rock,track,State Rape (Beam Up Battle Cross Channel Traffic),2000,4bkMFTJafIlyIZMJKR7I2G
197,Kirka,1RJAalQs0oU7mC5krUYvrO,rock,track,Tätä Päivää Tahdon Rakastaa,2000,4jMA4GBr2wHnMQ0y2YsfFX
198,Paul Fenton,44uD87BQhBh1MkofB91t3K,rock,track,Midnight Train,2000,4hXKzi7pEbfeeA6w6tiNtn
199,Ray Smith,4SGITJm1kRaIEoqEwv360I,rock,track,Willing And Ready,2000,0RsEKhPhTjIW374SjHBCyI
200,Maus,3Nt7UxMCf1tiY2EWViSXRp,rock,track,How far is too far,2000,33c8FrHnipU6UvUusCXMUR
201,Gigi Moto,6aRbaxcM5AqT3R0Jh6IvFX,rock,track,Be Like No Other,2000,4JPXCqbwa6ywCUIuTwKD6G
202,Raimon,53gngrNkCMQim2Fg4qbHZm,rock,track,Al Meu País la Pluja - En Directe,2000,2phhr7fSxJ8hZKHToibeOg
203,Max Lorentz,7KC0RyuGipafI3CZQMXN6d,rock,track,Need Somebody Tonight (bonus track),2000,0TBzVs6WALnMXPejB04PG9
204,Morty Shann & The Morticians,7cpGw9iwImWyb14h7r5Unh,rock,track,Red Headed Woman,2000,6hzhyYmyEwWsEfREW4CVnQ
205,Vibracathedral Orchestra,6GsO5IUaiXIklNxtYLzxWw,rock,track,untitled 7,2000,49Ga4fO5VKv9nPseIYUjhz
206,Veljo Tormis,0Idpvxe8nO6ZOciUbB5eSa,rock,track,Sõjakulleri sõit (Journey of the War Messenger),2000,0nuID8xTsg7Ed3FUiGN4Rl
207,Keith Emerson,5MwQBuYuEnf6hLsupDJ0Um,rock,track,Inferno - Main Theme,2000,5febbGLnikYTJ1XZAsmHVE
208,Niños Mutantes,1ysmkH7bwM193VEqdtwgfn,rock,track,Florecer,2000,1sYdMzwyIw4xm8ZkTxtCeS
209,Chris Knox,2t13Pql594lu7NxU1h4DTp,rock,track,The Man In The Crowd,2000,6bnUkgIkeMc7M6ouztykWm
210,Brenda Lee,4cPHsZM98sKzmV26wlwD2W,rock,track,How Deep Is The Ocean?,2000,5s5kvNtKmpJbX1Fuo1dENa
211,Henry Ate,54wEBpZEvBl4YK94yhCkvn,rock,track,Sunshine,2000,0eYgyYsTqmbNrHmK1QGDfg
212,Владимир Высоцкий,6hKLYGlOtGVNzZUuvS99Nw,rock,track,Инструкция перед поездкой,2000,7HOn6Lri55VrM0nTjZ33IM
213,Bill Cantos,6WjNgC678BdeXKqJ1TrS9D,rock,track,Blue Intro,2000,7z8htTfsQrzsB2x4PYFo4w
214,Amersham,4IsDolWuvTUkg8pKNphLhd,rock,track,Sgt. Pepper,2000,0yp9ttXpdlkFcgOU3vbdhq
215,The Searchers,4QmkLL9JOqM9dusHS1Hghe,rock,track,"C'est Arrive Comme Ca (""Don't Throw Your Love Away"" in French)",2000,2B51zx4O9z8nbwC9Y9eQUN
216,Laszlo Hortobagyi,1lRRTTMU69aObgWhx7U7aG,rock,track,"Choral-sūra ""Nihil est in intellectu...""",2000,19cP0VWBNmHiJcCvVI1NbT
217,Monna Bell,2aJtGPY592hgmkGzD9oleC,rock,track,No me digas qué hora es - 2015 Remaster,2000,0c7zLLLn2kJutT6tosMqL9
218,Владимир Высоцкий,6hKLYGlOtGVNzZUuvS99Nw,rock,track,На Перовском на базаре…,2000,3JadT70CcSYV3JazeRAUnx
219,Malalma,61w7uHNAsKqT4IXHHOT5iP,rock,track,Sirgosol,2000,7s85U765WRLg3sxNtxuLne
220,Travis Wammack,3WMInzBGPhpDHCDv2wsZVj,rock,track,Get Outta Here,2000,26spaUZNc6Tbzad1LPh45w
221,Владимир Высоцкий,6hKLYGlOtGVNzZUuvS99Nw,rock,track,Нас не нужно жалеть,2000,3gWhK7C8oVXMwU2RNib7jN
222,Tommy Steele,2eUMWLKLpPyMWuTgoMgEG6,rock,track,Photograph,2000,6YBfvvhGVN5bkybt4LWEJw
223,Remorse,6FjqW4xqMdiCQPhjDDgMnB,rock,track,Megöl a düh,2000,7Hzb2041TUZdqAKYmxAwBx
224,Autour de Lucie,0IVSAGNJsY7HDhGlV1gghJ,rock,track,La condition pour aimer,2000,2SYPzjv5nluvNi9EsQ8abk
225,The Infinite Three,1vfDWY24saa7pTR1nnk5Eu,rock,track,Emission,2000,5PS2AwOyaAjYJj5UxMGWF7
226,Buddy Guy,2gCsNOpiBaMNh20jQ5prf0,rock,track,One Room Country Shack,2000,0fL9DmgABkKI6EV65YtWnx
227,Quilapayún,76sZcEL2ZXBTqNeFJAhlup,rock,track,La Herencia. El Campo,2000,3OVHLjWmDKKTvxDb8gnCg3
228,Horacero,4Ie5ySURMYl6DkM3BokzGY,rock,track,Bossa Trona,2000,3yLgu7inoluiusXsiRopux
229,Doctor Explosion,2VzZ1D51z8PEXsAgAwlQ3q,rock,track,Everybody,2000,0lszxpg7qoP7n6tf5R5lyM
230,Marty Wilde,49Jb7NSMLFMM3n8M7BNRxN,rock,track,Blue Moon Of Kentucky,2000,7AgJdmmuf3ZzBiTkt4Emvl
231,Laura Canoura,0ATxyDnFvftkIT21OZu80N,rock,track,You Make Me Feel Like a Natural Woman - En Vivo,2000,6stdN83FrPIeGL8Lu77uJH
232,The Sensations,79xDv2cFR1OcGwUgkaqjU7,rock,track,Easy Greasy,2000,1l1FA6Crmpo3d6vyRlGwEM
233,Владимир Высоцкий,6hKLYGlOtGVNzZUuvS99Nw,rock,track,Песня Мыши,2000,1J0gCj6oGaKScXzxSuchYX
234,Stormy Mondays,2npSrKhYzpMiU2URsAvfiR,rock,track,Dressed In Black,2000,33fNYFcYsHS9iKfGa0TZqL
235,M.A. Numminen,2O2MRdVmId5VbqJLrNw8fx,rock,track,Pogo i Togo,2000,6WKTUjoFHrQN6PrTDm2HPQ
236,Rosa Maria,2y6NMHOK3fgS7DN9bNpRk6,rock,track,Povo Que Lavas no Rio,2000,6Xb4gWDe3onSBPryHlSjO9
237,Jan & Dean,0pqGj6vO9YHsXuZmaJaP2Y,rock,track,Barbara Ann,2000,11kjgMSsPRV79x2LGmIaJg
238,Meat For Dogs,1aW4AGpkbai244jMzxPsEm,rock,track,Mistero,2000,6zgphWMWQ221OknjLNQBGT
239,Andromeda,1MO91nen0dZ2qprvZsc9lQ,rock,track,I Was Left Behind,2000,44Vr3WasQ76UyPzPNBgFuj
240,Termites,7LtCjJgTJog2xMKu8nlN4I,rock,track,Hollywood,2000,2FMAWPbWnlKrS6PihP67CK
241,Whiteheart,22sg0OT5BG5eWLBN97WPIZ,rock,track,Carry On,2000,6KJZeGsHOGk61EdLFZYeak
242,Joanie Leeds,4KOQZQuOdq1Zllyn7Nr4hK,rock,track,Tired,2000,1q0mYbzMErM8Q1vC2KXgOy
243,Veljo Tormis,0Idpvxe8nO6ZOciUbB5eSa,rock,track,"Bulgaaria triptuhhon (Bulgarian Triptych): No. 2, Ratas (Wheel)",2000,2FpzPU0kDYQTS2IGV13hja
244,Bobby Rydell,4hJTgr1adnhIkhmD9jLzd6,rock,track,Hey Good Lookin',2000,59RRdEaXVnoymJgVLtotAH
245,Jet Boys,3at7rmnXxlfkIM1Nd6t6Qv,rock,track,Rock'n'Roll Girlfriend,2000,4rgWwXqSw9w7uWYzKK0TLY
246,Blast Off,1OO0MeY4VnAUPG0qXVNTRV,rock,track,Stray Cat Strut,2000,31AQRlBqyVMZuVeBAW83LA
247,Let Me Introduce You to the End,5Y2CqjUhg6Z73WXUV01jFC,rock,track,Gods Above God,2000,4ySOPpF9NlPuL3YgQy71qZ
248,Wayne Faust,4wkrqeYsWz4nXJRJCskll7,rock,track,Circle Be Unbroken Medley,2000,47HQLtE877cUqZqz2gHoct
249,Roberto Goyeneche,3tkyefEX4NNjb0AILRLq2A,rock,track,Mi cancion de ausencia,2000,5i9ugzczLkBrao8DV6kffT
250,Dead Or American,3TXYiZYtqNzBJGLmnn3HWI,rock,track,"Good Morning, H.M. - First Demo 2000",2000,4O6R1DHEYJWZ2wRioPK8nk
251,Mel Tillis,5DWq2OARZMu64IqyWZ2xpb,rock,track,"Ruby, Don't Take Your Love To Town (Arr. by Karel Kokelaar)",2000,0CmKyWUYX1t8lENimI3auV
252,Muzzarelas,043YPBdg3DwDm0beeoYxZH,rock,track,D.U.Y.D. - Demo,2000,6senIAK1zDfux0RHmzChJg
253,The Consortium of Genius,4iaQFKjcniSdaoJnY9hede,rock,track,Death to the Angel of Death,2000,6g1eDRrta7hvbDgYRTmfr6
254,Buck Owens,2FMZn5P3WATd7Il6FgPJNu,rock,track,Three Dimension Love,2000,0FJxguk3khuvC7E0j5FE1e
255,Billy Wallace,3CpxqykAbVfIDxtHWy8fzx,rock,track,Southwind,2000,4FwGm2yZoqE8Vjb1GeRB6E
256,Marty Wilde,49Jb7NSMLFMM3n8M7BNRxN,rock,track,Wild Cat,2000,4r0z3ylkkSizSJzaufmfkL
257,The Satyrs,2HJiPYUhzNuQ5UC5E1wvNa,rock,track,With You,2000,0e2EWm3W5KojxvRixxxHWo
258,John Holt,312pFk2xpEwYWLGPehc4Nu,rock,track,Sitting & Watching,2000,30ecvzzSAVuko3EMwsameH
259,Claudio Rocchi,3GkQYqqevVe77z4LPLXNp7,rock,track,Il Teatro Labirinto,2000,297C7rmV2YyyCLwy0gjjw5
260,The Boswells,4q6FtZ6Es4K2nAUDZ0l3l1,rock,track,P.S.,2000,1bqfpCAKbSnrvzaxnPngtr
261,Jan & Dean,0pqGj6vO9YHsXuZmaJaP2Y,rock,track,We Go Together,2000,4m20t9TIjg42M15iPt0BFX
262,Jack Scott,4ucP0bNegd7Q4ewdOKIBfz,rock,track,Geraldine,2000,4FACW4hSJPanzN43xZqCfW
263,Владимир Высоцкий,6hKLYGlOtGVNzZUuvS99Nw,rock,track,Гимнастика,2000,2PpR7MfafUEyBW2fSAqduP
264,Jet Boys,3at7rmnXxlfkIM1Nd6t6Qv,rock,track,Inoki Tai Manmosu,2000,2wui929w3cG4beLXa1zstL
265,Ray Campi,1dCuGaCG60TlWCLjFJ69N3,rock,track,Until You're Mine,2000,7AlR7uQX7roXypFJ7lp1wR
266,Miquel Pujadó,6MOD9zjjBITsJ5MHEmJpRG,rock,track,L'hecatómbola - 2ᵃ Versió,2000,6HvTqPS8pYOngWgFRGoXPg
267,Rick Steffen,0O5YA6HIolirjvwGIFendv,rock,track,"Wine, Wine, Wine",2000,2AdNp0MepHzMcsmos3MA0K
268,The Diamonds,3s9kaLrpplvv4vIzZBYPga,rock,track,For All We Know,2000,4rnHN530NFSxBkcdFD4jtx
269,Henry Ate,54wEBpZEvBl4YK94yhCkvn,rock,track,# 28,2000,0KDHldvy0k1VoPQBVSEgbj
270,John Holt,312pFk2xpEwYWLGPehc4Nu,rock,track,Baby Don't You Cry,2000,6e87T5Ond1y8KUxmvHpyVf
271,Anthony B,7Lij2ZLJJQOfGojVR3Wmqa,rock,track,Rastaman School,2000,57VqWOEprHp4qU3wVlqxgG
272,John Holt,312pFk2xpEwYWLGPehc4Nu,rock,track,Stealing Stealing,2000,1vBL5ryXGTSi0JPA3jLkuX
273,The Consortium of Genius,4iaQFKjcniSdaoJnY9hede,rock,track,Breakfast At Pinkerton's,2000,1SZfoCwrDqskczI0bKFzPR
274,Roy Orbison,0JDkhL4rjiPNEp92jAgJnS,rock,track,Go Go Go,2000,0WjBarf12B3TWiHiMcViMH
275,Maria Montell,4JXNI6kSpAzQSNTQSIxmcv,rock,track,Dream On Dreamer,2000,1yTVEFrQmdbcCxNDGmVdu4
276,NLF3,4Zaqwc3e3h2RB5XrBX5rPT,rock,track,1.12,2000,6LfMigysjbVcwIDOUOjmWi
277,Ike & Tina Turner,1ZikppG9dPedbIgMfnfx8k,rock,track,A Fool In Love,2000,2fHON8TGT91ikOJLyyew3f
278,Half Pint,0tGZBRO4tZjpUOZcD7tMeS,rock,track,Queen Of Heart,2000,3FGgYpcugtfpmziDkwrWLk
279,Dave Barker,4fDdr1gRqAzOSP8jVR6CEs,rock,track,Kingston Excursion,2000,7knBjfzwQd58zpc4KxFwUP
280,Sonny Burgess,0wYcRO9uOuCpQZ8qrQ1uRT,rock,track,City Lights,2000,75hPICx1K3ZBdq3YNR8yZX
281,John Wetton,0rk01XEfDhJhnBFp0LT1HQ,rock,track,Time Again - Live,2000,6imXfVrdXl1Oa0Wg1Io1Lj
282,The Satyrs,2HJiPYUhzNuQ5UC5E1wvNa,rock,track,Dying Away,2000,6BvgR7tgvqyWLUgogB9dIc
283,Адо,2Jam0fxuEV7YfznndYnqCr,rock,track,Поезд,2000,6xweuwmnjaNRpPsKlqjtxE
284,Bobby Darin,0EodhzA6yW1bIdD5B4tcmJ,rock,track,Don't Call My Name,2000,3KQcppIGJ5SI8qoigUq5sX
285,Sam Black Church,3ppT9krw1TptkMvJeL7SuH,rock,track,We Are the Bastards (Live '96),2000,0O3uDEMWsmWuXP6VwrHcxE
286,Pleasurehorse,2ftPsriLNir8FcqqzppXLF,rock,track,Strawberry Azzus,2000,5Kgfip15KyHn7ZimZM1z2O
287,Zvuki Mu,7cZCHoW0UAnBmecxXMQycM,rock,track,Крым,2000,5N0E3Zbh29IAfLVtG72N6O
288,Adrian Weyermann,326uXJ44Ck0Hc8QpDnQaXM,rock,track,Profound,2000,7hnRB6b0fh8VavwKUN3oIv
289,Wayne Faust,4wkrqeYsWz4nXJRJCskll7,rock,track,Remembering,2000,3PWnJ5y3tzgURQDYwFC7Sz
290,Zabrinski,0EQAhHbKRTyk8U8tMe7oEt,rock,track,Mangled on My Brain,2000,6w989TbYNi7DoQNpF11Dzo
291,Eric Schwartz,2wmjSzz9TcqPgSNMGAVksR,rock,track,"Houston, We Have A Problem - Shaving Off My Muff For You",2000,66YC35p9bUHKkiczoOOquw
292,Matuto Moderno,35zcf9WOc6jv82YL78gbHP,rock,track,Contramão,2000,4rDYGftZHo1ayJpPY31g4T
293,Anthony B,7Lij2ZLJJQOfGojVR3Wmqa,rock,track,The Ending,2000,1LuCGnJW2iW6aFouPPJuEt
294,THE YELLOW MONKEY,1xCdTZ5Wu70H6YwsmpgmHg,rock,track,Holy Sea and Sunshine (Remixed by Renji Kitazato) - Jaz Raser Drive Mix,2000,5J5oDfYjrAuHPKOgSih6rf
295,Insanity Wave,7pk98nyHCI6viNTPjZuond,rock,track,Roller Coaster Ride,2000,1ne3xDYdFpdyYGBXTWpmTi
296,Emile Ford & The Checkmates,2qyvlQ4Ku5zc2mk4pYamzC,rock,track,Keep A-lovin' Me,2000,6SQg96lMva0ozsIZwl4l2O
297,The Ancient Gallery,1w44KUBCmMhtj4MejBsapR,rock,track,Ich Leer,2000,1TULulXj8qUMrSP7PYGHPW
298,Rantés,7bSngAID20GjseBFJNUUav,rock,track,Ley Seca,2000,7gTPCf2tuvc87J8pPIDd7p
299,Mickey Gilley,5kFY4Bv5VRSBsM6CUYBoTC,rock,track,A New Way To Live,2000,42d3a8Xw6Uxz6NjakMHON7
300,Txuma Murugarren,7sneIqKQIfHYxFL5o1WU1q,rock,track,Eskuizkribua,2001,3Qn1zHXP7LiZaqXRUZzBDx
301,Duble Buble,3t4zJDGyOTFpLHtK23utpn,rock,track,Urbi et Orbi,2001,6VWu0s689SbmJrZcpS4LbU
302,Tomeu Penya,6KLolR6RNEUVUvKOOsxrXm,rock,track,S'al.lota Més Garrida del Món,2001,3JwPSd1Ik8ihLk9ZI6UfI6
303,Al Tall,7f6UyaGmBD2Vuq1ygnxYa3,rock,track,Dansà,2001,5pDBUb9IbU0Xhqhsv44csw
304,Figaga,0wzp7CrKlBF9lCBRz1OCAs,rock,track,Masi Masi,2001,4Vb3m85g4LClc0ia6BAdik
305,Kelly Mcguire,7ajGBpFbiUNaYdewTBJso7,rock,track,If This Isnt Love,2001,4WJbL9YKxAs5ztUFKn64z6
306,Ebiet G. Ade,50l3hdnSiYODINDYhyP0QA,rock,track,Dimanakah Matahariku,2001,4IZ9Pe7G889aN6cWPVkqgA
307,Charlie Monttana,6hszx52doSbSMupWHUGdTv,rock,track,El Boogie de la Combi,2001,11XdRPRLzHwQy1WSnpr7DC
308,Rhett Tyler & Early Warning,3kNYrbS4cvJeooz0jDvNtV,rock,track,Walkin By Myself,2001,5YmCrCqzr0Sz8ehTZl4lac
309,SEAGULL SCREAMING KISS HER KISS HER,1WSO9nf7wTj5DZBsncauGr,rock,track,JOHNNY MY LOVE,2001,3ODbpcR8idZZBz2jGRyYCc
310,Giorgos Dimitriadis,4iMrd53Uvlkww8Xrv13aPJ,rock,track,Ta Dika Mou Kourelia,2001,1OEBK8FmBo77rF4ipf2rFl
311,Oto Pestner,41a2lIIHtSGmR7wGAamUqr,rock,track,Oda ljubezni - Solo version,2001,7s7LEZsBsvg6pUrcshxgHT
312,Randy Kaplan,03kKiot9h8in4294vr5FUm,rock,track,In The Way Of Sin,2001,3VaYxALURmkIah8J6tqqPS
313,Bobby Darin,0EodhzA6yW1bIdD5B4tcmJ,rock,track,"Call Me Irresponsible - From ""Papa's Delicate Condition"" / Remastered 1992",2001,6Uahvu2CIEgZIxcN0VDy3C
314,Bo Gumbos,6PqyrQzrTf2k9oI0sIFkgo,rock,track,BODYCO,2001,5GtuFHW9usMQvYe1uWl60F
315,Kill Hannah,3s6SVwL2W0JLnIlwkjnU55,rock,track,New York City Speed - 2001 Demo Version featuring Chris Holmes and Erin Gipson,2001,2ltPC8k3XVDIWY2JwYt1mY
316,Chris Spedding,306XaY1dO5UhXQOWSjKIwQ,rock,track,New York City,2001,3ODSqaQ1m8v2DJl4AXtQ94
317,Ghosting,17Lt4tjWHuqBBF6JCIqB3C,rock,track,Seele,2001,1t0VVhns7Py6bSnSXcTlXl
318,Larry John McNally,7fQwarCxGRYQBCS2nJ8CmB,rock,track,Goodbye To Chinatown,2001,2xmOE4iJ6tmpJG6NW3mSpI
319,Los Jockers,1tHxyQ3P1Oo7T7YFKfRaKK,rock,track,Congratulations,2001,6OFibwqlnB8niBahvSb5Yh
320,Trumans Water,3GQRTA9DtNlGbQqu8ST1Xx,rock,track,Limits of the New Deal,2001,3uVtUE9r7L3huEjY54Usst
321,Ronnie Self,5uGILxxiSWMniB1B4FpmOS,rock,track,Grandma´s Rockin´,2001,4mTS4ou2jFkm5DGyEzwUIH
322,Little Feat,0ZIwOAzDuGPspzK7yiTc4S,rock,track,"The Fan - Live in Denver, CO., 1973",2001,3l59cKfu6xvPvy7siEKYzx
323,Marc Bolan,4M2gGLzKCo0rPyn224PsoN,rock,track,Lady - Master Version,2001,7q0g9hqEGZf9pbUYf5KI69
324,David Essex,46n0cAhBmsRJZiX6GSFmbf,rock,track,A Place in the Sun,2001,2crjikXLBGswEyCOdRaMML
325,Art Zoyd,3UGoJfjsENJ0x9rVckIuOg,rock,track,Anachorète,2001,6ITTsChGA5iCIDVqgppGU6
326,Trumans Water,3GQRTA9DtNlGbQqu8ST1Xx,rock,track,Self-Censored,2001,66fW1rR2EOm6wKbcI9zVJi
327,Dog On Fleas,4IeVO9BEsrReZNdAtF2h6L,rock,track,Mandolin Tune,2001,2T91X8eknfpIDdxJWVSgJj
328,Marc Sway,5czVIm17rZyNTdUdD6yY7w,rock,track,Can't Stop The Rain From Fallling (feat. Karen David),2001,1GBmTqwTSyyUJbhcHfORyB
329,Va-Bank,0E42XE6abWlzCgYMJptekk,rock,track,Полшестого,2001,3wvezV52ddqKjNfzzoe6Yl
330,Beatnik Turtle,4gLFKgGlbSeeiceJuvTHOw,rock,track,Goodbye Cruel World,2001,3tAKJFSZVFy9JS43qGAvwW
331,Status Quo,4gIdjgLlvgEOz7MexDZzpM,rock,track,The Price of Love,2001,3e0n5dHMqrTmNAhcByPVpV
332,Brent Burns,5vqf0l0y4asjkeuUVPM81a,rock,track,The Big Hurt,2001,17NLU3fhWi6pnmoUG50T2G
333,1910 Fruitgum Company,17vIaBTHJOVxnU4v7t1DiY,rock,track,Play Our Song Mr. Music Man,2001,0bUZh7HU0ZSNpg6v9PJjMA
334,Умка и Броневик,6IJZ7zfO5Kc2T1jevVFtze,rock,track,11000 жизней,2001,4nGO6MlSrVktUOHEmStobb
335,More Machine Than Man,6n4yPUgscXRFWH6sOEc1MD,rock,track,Chaos,2001,0wL0VcOtX3uPV7YAZbqAVr
336,Daddy Cool,5ht2HGrvbN9eDWJarHsou6,rock,track,For You,2001,2rnp0NiPNWcts6G1lFmuEq
337,Ghosting,17Lt4tjWHuqBBF6JCIqB3C,rock,track,O Soldier 2001 - Bonus Version,2001,2ipetNUblmttlJi4SV0P49
338,The Fall,6WoTvA9qinpHtSRJuldYh6,rock,track,"Antidotes - Live, The Knitting Factory, LA, 14 November 2001",2001,5Hx5YaOVyppjQdzh0BWZbN
339,Awaken,3vdhCcrVUU7OQYYkfLmC2C,rock,track,Tyger / Everybody,2001,6LU0HoOCeXkUNaCRLk4g2g
340,Kirlian,1dfSAiUAKnk4H8AjPMM4FR,rock,track,Dar A Morir Por Tus Suenos Mujer,2001,2RVKyGdMFtFGsFdzF59fNg
341,Los Llopis,35OEkYqpkHK4ZWBktloFnE,rock,track,Enamorada (remastered),2001,5aR2tk8Hwd7JM4fcGWNU4r
342,Robert Palmer,530Sdm7eqqzWBdDmILMgnu,rock,track,Woke Up Laughing - Sweet Lies/Soundtrack Version,2001,1MSWZ4IKy68bjoVHUoGehJ
343,Black Debbath,3x63vETIzcWrlzDerW3Tbl,rock,track,Great Norwegian Comedians (Such as Oluf and Stutum),2001,16i6aBfdg8d5kwB3koVi2N
344,Haris & Panos Katsimihas,2OVFX90h8lDzPZ5L5Mu0Vz,rock,track,Kataggelo,2001,7nfoGlHBiEnH6zRFe2gOke
345,Carola,2qlQds30O0pDx4WqHEOoqj,rock,track,Mä tahdon pojan,2001,1CjViv6MwizNj5uHEWDQIL
346,Frankie Laine,3cgO5CdhEHKMxldjZlP5ix,rock,track,Don't Blame The Child,2001,1wIKIQMUFP6DaeBmASYtxF
347,Hortense Ellis,3rZYrTkyrwz1CiW09bfLE2,rock,track,Willow Tree,2001,2zRoqOj6brdEbZFfqRBXmv
348,M.ILL.ION,3ZlvDpEUHt0FLWgJk5FBYF,rock,track,90-60-90 (Unplugged),2001,3MkOpRRo8t7ZvDdrm14dTC
349,B.B. King,5xLSa7l4IV1gsQfhAMvl0U,rock,track,On My Word of Honor,2001,4yqh8w8UmSOdXYXUxyqVmb
350,David T. Chastain,19kR9XvBZIFz1otBxms6cC,rock,track,Hats off to Angus and Malcolm,2001,3aYSrrtGvxaO97oYONprkd
351,Sol D' Menta,3M7TZ0B7GuHjAb8KqBY968,rock,track,El Velo de la Verdad,2001,3BfhoBcR6D0x7IbgFKLBT5
352,Beatnik Turtle,4gLFKgGlbSeeiceJuvTHOw,rock,track,"High Horse (Jesus, Won't You Come Out & Play?)",2001,6KUVdvUlQ2Ph06ZthsQ01u
353,Lobith,5s3STXa7yRuhtqgFHNTKf2,rock,track,Icebound,2001,6VAXkQoFhYfmu9nJTXuyB5
354,Boris Novković,7mU7GZdZcudkj1cF5RFoUO,rock,track,Ajša,2001,2bXsbLobapXFZkRWiTKL2h
355,ZOEgirl,22xemK8mgxv9dkSKTw6T0G,rock,track,Plain - Performance Track In Key Of F,2001,6MbiVRXyS8gA3Rtey5nIK2
356,The Queers,1kRABJWDxSnOJFteI351V6,rock,track,I Want Cunt,2001,3g9MHQyHYnCRNXXAR4Nl27
357,The Golden Seals,0U2WmkbvPQQt3Y5cv8nc3P,rock,track,Your Stupid Head,2001,34UOKAeya38UDPvcTVK0nu
358,Epicure,3SofahSfdxgkdID0zk3h3N,rock,track,The System,2001,5EgqTMGy5JKRGMSnFMYarr
359,Leroy Smart,6u7C6jxjkDAThmdcOnAwH0,rock,track,Love Me,2001,0BaVLsvuOh0uER9URu1Yo1
360,The Residents,0X7nkgtJrvXcn1W8lN9Mtm,rock,track,Vileness Fats the Banquet Hall,2001,05FI4Qvyi1CyZWzGbnMMBL
361,Brent Burns,5vqf0l0y4asjkeuUVPM81a,rock,track,Mean People Suck,2001,1lKCreFJoa44D332hnNsFO
362,Piet Botha,4voqJ8sx0QCunZjjvv5Zks,rock,track,Suitcase Vol Winter (Live),2001,5Eg2ybhFECDeuCRAOvz028
363,Arturo Meza,7HfqJNWRLWcSy7VwNThhGh,rock,track,Agua-Luz,2001,6R0d12cxDQOmv3JIwagjU3
364,The Real Kids,46hWN2cZ7MboMi8eUmxttj,rock,track,Problems - Live,2001,7E4dz4rNFYOBvoODtCfKd6
365,Jiri Schmitzer,4wcjrycEcyMGdhY0A3y6wz,rock,track,Pruvodni Slovo,2001,4RM49eL6W3gedglQUXNnp9
366,Neverne Bebe,3eV1L6eiSGQNtzhn2Mw9vm,rock,track,Ljubav,2001,07sSMIDu8Rc7x2QUWxFWOa
367,Alberto Vazquez,3vYC7LFneIpmJRSgrYy6dc,rock,track,Extrañame,2001,5CvrgMfxbf9aFQKYQh8oSi
368,Cinecyde,53LCThoXvED2V3JIoHN2vA,rock,track,The Good's Gone Bad,2001,2NVqYvoc2Z6OlvK75w2Cs3
369,ZOEgirl,22xemK8mgxv9dkSKTw6T0G,rock,track,Here And Now - Performance Track In Key Of Bb-C,2001,1VT4CdAUIzWH78HMYcSbLP
370,Marc Sway,5czVIm17rZyNTdUdD6yY7w,rock,track,Innocent,2001,1ifMJxapjOURJPUV7xli2C
371,Nei Van Soria,44RSswMVuTQJcS0NpWZ2j9,rock,track,7 de Setembro,2001,5onMIQLtvrAzIbaNQSU2Ud
372,Tall Tales & True,5WiA0UUUKDWkysnLQFRY8e,rock,track,Happy Birthday,2001,1cfRv3pfwDTQo8FkOfz4T4
373,Arsen Dedić,0FyBCma488GAn3XGadU6Wb,rock,track,Posljednja Noć,2001,0Xq9snrQF8ZB3J4kCdAoOv
374,Danny Dean And The Homewreckers,1h1zZcJAu24eBZjUE5cD9w,rock,track,Hey Mama,2001,2T8pJMCaQ6FaillkFBYRGq
375,Biquini Cavadão,7E5dcvoiZra9wwBuXYAYTw,rock,track,Arcos,2001,0NuLG4uVhoTEyGP0HlKlIB
376,The Fall,6WoTvA9qinpHtSRJuldYh6,rock,track,"I Wake Up In The City / My Ex-Classmate's Kids - Live, The Garage, London, 20 April 2002",2001,2XXB5FZrahBWcGOUewaEhV
377,Nei Van Soria,44RSswMVuTQJcS0NpWZ2j9,rock,track,The Key Sopra o Vento,2001,4MmN8aFSt4QI8nu37wqEcj
378,Hladno Pivo,4xpR0pcirJ1jPuQC4XVQV7,rock,track,Pjevajte Nešto Ljubavno,2001,7DU6NtZvzIHtC1a9xgj9c6
379,Lenore Troia,3Q7cpUnOvW0iEMIzXHACKN,rock,track,Island Blue,2001,6kVglU3abXHM19OJ0qKFLp
380,Larry John McNally,7fQwarCxGRYQBCS2nJ8CmB,rock,track,Black Guitar,2001,5VMFSvSqDuJLsXip7Ox7Ii
381,LAIN,7jl1uHLFhjyTBm7VhEJkfc,rock,track,Wool,2001,0TrzqFQC4XYEmwoS6qLydM
382,Lito Vitale,7lw1BVWquad5hKtDPU26JG,rock,track,La Corte Española,2001,4oq2wIXVE8jzDA4b7S4TZZ
383,Hell On Wheels,5EQgKyaGRyS8kb97EKWHqu,rock,track,Too Drunk To Fuck - Live In Studio 2003,2001,5QqZFRfar94bgVslEOMH5n
384,Cymbelin,1joXPImxJiuT618aeP6zj1,rock,track,JAK SE SUŠÍ PRÁDLO,2001,5ypK0xdiLHE6cUSPX2heVs
385,Cymbelin,1joXPImxJiuT618aeP6zj1,rock,track,DÍVENKA LI,2001,79ELGVuqGmvmV8j82XjAgd
386,Marc Sway,5czVIm17rZyNTdUdD6yY7w,rock,track,Lying Lips,2001,5yf8sE8lrVZLB8iZV6uGnk
387,The Ugly Ducklings,6qmBUFtVUT3QZhnxlxJHB5,rock,track,No Brains Today,2001,5yfgOHdUeTxNmUWc8jQ4wn
388,The Upsetters,12CNljuN6DW9e5x61FS03b,rock,track,Militant Man aka Militant Rastaman Dub,2001,1UxDG8I3P9BabGZt00KrFR
389,Division Of Laura Lee,4GrNmRQLgOZ95lNSTn9iIZ,rock,track,The Truth Is Fucked,2001,4ZedifnT7UUmtsGeyqHg31
390,12twelve,16i9sUGplV1urYeGKxgn1H,rock,track,Lautstarke,2001,5rwTxYVdgeD3CaKNtXu2Dy
391,Mikko Alatalo,0sXNaEi0XSZIEkCAOACaMI,rock,track,Rinta rinnan,2001,1l1rgeVNbUEwgYFRzktldD
392,Frankie Laine,3cgO5CdhEHKMxldjZlP5ix,rock,track,All Of Me,2001,2BiWIY5TngJKR16VwUjjuR
393,Veljo Tormis,0Idpvxe8nO6ZOciUbB5eSa,rock,track,Tormis : God Protect Us from War,2001,3LpIoMwl2aI4j7ST3rZ8aq
394,Julie's Haircut,2RRkSj0NQhBvHSUSzwG2uM,rock,track,When Did It Start Going Wrong?,2001,0NEi1A9XF0tqnIO5VlfNAH
395,The Blackeyed Susans,1cbOix9QbWe1UMGtXOa5cI,rock,track,Everyone's Gone To The Moon,2001,1VUM36fgyvrxA50A4LSLpF
396,Péricles Garcia,6TBRK2aO0piaq17vSCSfH9,rock,track,Destino,2001,2sLJcXNUNBqDiCWPGuWV1r
397,need new body,1uVW1I12W5nTeCGKiGv8zu,rock,track,Dirty Bitch,2001,1LGCoqUTMmRa51Qqx1kDLH
398,Rob Balducci,0tLOjsNBZA1dyytGYhgflu,rock,track,Pressure,2001,1LHdKwYEJLSG7etERcLhjt
399,John Lee Hooker,1yNOfXGQNGjAynk77wv85x,rock,track,Stella Mae,2001,59unvaD4X5fXnFdxpmjlSi
400,Judy Collins,5yzE49FicYiSxN61oaxkNn,rock,track,Wars Of Germany,2001,35yZE6fZwY6qEhGPgFZcBY
401,Arsen Dedić,0FyBCma488GAn3XGadU6Wb,rock,track,Vraćam Se,2001,5VGhYY4JtkT0V7svOkmKvh
402,Djavoli,3tbhpXKuWBhxTXOSFSQqWF,rock,track,Điri - (Điri) - Điri,2001,1ClkW9kOV3VjshDWorTFaJ
403,Biquini Cavadão,7E5dcvoiZra9wwBuXYAYTw,rock,track,Arcos,2001,0NuLG4uVhoTEyGP0HlKlIB
404,Björn Olsson,522M1OdbnnJ3c1Bjxy69tb,rock,track,Tema III(Version 2),2001,6GFJagjyEZyvTcOiwbaWdj
405,Pipodélica,4k2LiLnczWweBZIlGgHlhu,rock,track,Bandido,2001,1ce1kNzMKmylfJdLkHd9Ti
406,Daddy Cool,5ht2HGrvbN9eDWJarHsou6,rock,track,For You,2001,2rnp0NiPNWcts6G1lFmuEq
407,Ronnie Self,5uGILxxiSWMniB1B4FpmOS,rock,track,Money Honey,2001,6umRxd6SuRVJPCmh9YazoB
408,Grinding Reaction,1Em2O5F1sONFKUOOmQJD5M,rock,track,Nazy Bastards,2001,19QKqjG6doqW82hmGQvmIR
409,Va-Bank,0E42XE6abWlzCgYMJptekk,rock,track,Между небом и землёй,2001,1PcOwIMUdpLIZOLNDz16U4
410,The Red Telephone,4wO3u8GOYAZXWHdv5RU0Gd,rock,track,Burned By The Sun,2001,6eNWiYWVRqCbNtBn7EU1nU
411,The Pale Pacific,0WoCOCw8Ci5hR0KulQ0ugK,rock,track,11.,2001,0pwBG2CK8F4xAsJrnMNZHv
412,Julie's Haircut,2RRkSj0NQhBvHSUSzwG2uM,rock,track,When Did It Start Going Wrong?,2001,0NEi1A9XF0tqnIO5VlfNAH
413,Hateful Monday,5HU8JehmExLcaV8bp8h7VT,rock,track,Maze,2001,0G2MgdPn6lyS1fVvNexm3f
414,The Fall,6WoTvA9qinpHtSRJuldYh6,rock,track,"Way Round - Live, The Garage, London, 20 April 2002",2001,4DTQFJ7bl0QVfAPL1YuxJs
415,Árnyak,1gyFnDS3m1kDxypHviuUej,rock,track,Jég ( Metál Remix ),2001,6KjzDfZNazdnPzhQunA7mZ
416,Brent Burns,5vqf0l0y4asjkeuUVPM81a,rock,track,Mean People Suck,2001,1lKCreFJoa44D332hnNsFO
417,Cisse Häkkinen,6QsPbdQPjyiaDZdkoel4yj,rock,track,I Love You Anyway,2001,4zAkxR9Bvd5hr5hBftO443
418,Kick The Kangaroo,0VgLk3MwyZnUK3bAIbQKn0,rock,track,Bye Bye Juliet - Single Mix,2001,3oSPktlBP8OHGRtSalgccf
419,The Cadillacs,5ye4TzZU2L7cxiQgCZoJUH,rock,track,Zoom,2001,2JXfYia533I7VQOFWsrmqm
420,Lobith,5s3STXa7yRuhtqgFHNTKf2,rock,track,Signpost,2001,0bhsrd08vPjrcFqPOrNz02
421,Heaven Street Seven,2NfoORdBTho3Y6Adi6VL5N,rock,track,Devil ‘s Hair Cut - Live,2001,33rpmZMzglw9ETfnph8phe
422,Paula Kelley,7qEPjcxWZSljANdItNYv4z,rock,track,Showdown,2001,5gEkZsN1vlqkIcgB6i40iW
423,Aldemaro Romero,4FGcIXWQF5RBWugYuxcpxQ,rock,track,He Got The Whole World,2001,3X97ucvDEqBV59L1PCA3iI
424,Imperio Argentina,0NBet2REK8OkilzxNYRoyj,rock,track,Bien Se Ve - Remastered,2001,6MXWCDIx9wcD2or6gJWUhw
425,Nadine Sutherland,6SaSgAC8GbmzRyCuhPtWdd,rock,track,Front Page,2001,5498GjThOJNRknvGAWsWUT
426,Ramona Silver,2gPPSXEHHGnXlvQIkSsmNZ,rock,track,The Other Guy,2001,2qMXitFCKvsOTMFT5kE8pd
427,Philippe Katerine,61NKNrhSMTYg2q0f3vS46e,rock,track,Monologue Sacha,2001,0fnj4lAfYDwVbTw2rbsfh9
428,Ookla The Mok,3NDauyMAOtURa3A0abWkW1,rock,track,Fascist Couplet,2001,3QIh0lAzW1TfdC6359Ga32
429,Trumans Water,3GQRTA9DtNlGbQqu8ST1Xx,rock,track,Second Wind,2001,5t30vdVGqS2djHmEdUAgeF
430,The Stringbeans,11F7MA20A51V08xyd5vhAq,rock,track,Safe Sex Girl,2001,0Vj4bxJDgZzNn42eGMDuUw
431,Stuðmenn,25ekuoCP29jHKzH4PEGun6,rock,track,Segðu mér satt,2001,1o8N91HXWjptoE4UeLyk9A
432,Arsen Dedić,0FyBCma488GAn3XGadU6Wb,rock,track,Večeras,2001,69J1Fh7j4v2deu4UKv56Nc
433,IMODIUM,6KRdyGKS8M6Yana4VADTwl,rock,track,New Flop,2001,7MnIl97HMrUkQsWwQcw34Z
434,Marco Antonio Muñiz,4BLAYO57LtkaZ6odOdWmGc,rock,track,Despierta,2001,5vmx7aj68RnRnq4NA8wlAz
435,Imperio Argentina,0NBet2REK8OkilzxNYRoyj,rock,track,Olé Catapún - Remastered,2001,3B7qzvzsf2d9PzPu4OjDZl
436,Inocentes,5PFAm9rM4jrm1X2jPX95E2,rock,track,Salvem El Salvador,2001,6KEAunnK2xmeaFaio8X4PM
437,Atheist Rap,5Og49C9PstnFb54RUDwq7s,rock,track,Pecinko - Whos in the house,2001,7qvtpR2ME6K0mRav0pdGju
438,Ronnie Self,5uGILxxiSWMniB1B4FpmOS,rock,track,Bop A Lena - Alternate Take,2001,35dwpS8YJGTNtwh3GRrSnv
439,Pat Kelly,5mLxA9ySBmpMnMNvx1bEUi,rock,track,You Are Everything,2001,4HzFhwNG8bEAFbz3XuH9E9
440,Péricles Garcia,6TBRK2aO0piaq17vSCSfH9,rock,track,Certos Dias,2001,5fBL7VhFPHgV4ohIcEjxmy
441,Choo Choo la Rouge,3q6BnAehoOT2Z8luT0M123,rock,track,Worse Mistakes,2001,37RLBB6iB5fBmImYNaMMxh
442,Alberto Vazquez,3vYC7LFneIpmJRSgrYy6dc,rock,track,Significas Todo Para Mi,2001,5KH5FNoQBjwkfVjHS0Ep3J
443,Kill Switch...Klick,3ipPequHYdL3b1KutsBI4y,rock,track,Sniveler,2001,567vsL4sWx2SHGjkaESz8T
444,Carola,2qlQds30O0pDx4WqHEOoqj,rock,track,Nyt nostan kytkimen - Gotta Travel On,2001,0sZmzZJBflvZFjRgdbpV1K
445,Bryan Adams,3Z02hBLubJxuFJfhacLSDc,rock,track,Germans,2001,1yoF6GHOfWjc5Jo5cCTrxI
446,American Dog,5tELhkPCHdMPzh0SyhX5yI,rock,track,Drinkin' About You,2001,5Cz1wCh4eqGYc8lrxHjqwL
447,Steven Curtis Chapman,3vcFXwLEUdfWMu7gTQKyot,rock,track,Live Out Loud - Performance Track In Key Of Bb-C,2001,2O1UPpPVzWjahkSzwCmo60
448,Sons of Trout,1z88VRzfLU6fS3EIYuP93b,rock,track,Trip,2001,6UqyIrRZBmGG12pVneI37W
449,Autour de Lucie,0IVSAGNJsY7HDhGlV1gghJ,rock,track,Lent - Remix Isolee,2001,7BPKfJxX0DGrEtIp67WAWz
450,Sacha Sacket,0L1JLChVm9DHI98Ubf14dG,rock,track,The African of 1963,2001,5YvfjKi0QgNXCnIvsbZkmw
451,Tagada Jones,5bdYPMK2KCKXmWunHHiRN0,rock,track,Manipulé,2001,17BD6xrlYTdMzENFCLLl3V
452,El Caco,5M5tHP0quatNiMXpigYMzL,rock,track,High on a Low,2001,04ivD8qX8UYz98IUSmNb2B
453,Chip Taylor,4J9k7L7BrJ7NMWAcvgox1B,rock,track,I Need Some Horses Around,2001,7xHjm0UXRqGz4LLUIjtIlc
454,Johnny Clarke,5La4baU6Q4hL2TkVoDEQNa,rock,track,She Wears My Ring,2001,22uHyE0bEGnFqqXc5ZCkHX
455,Carbona,3H6dCs0SepKvLefBhYIwCp,rock,track,Breaking My Broken Heart - Live,2001,6s1VZJc3Gl1mwV6Y5FQK79
456,Dorsey Burnette,4IKhazN1C82QWCD2Oqwf3v,rock,track,Red Roses,2001,0XlgT1BEFYngA90C50isYZ
457,Aarktica,2Ly1WdvdasapfbydGfdv2O,rock,track,(Less Than or Equal To) 23 - 2023 Remaster,2001,6NeQ34bVSK3LIEYWzemrRa
458,Megas,6XbSklZyAWRIxx7eP0netF,rock,track,Utanbæjarmaður II,2001,2P9SmZdriJhE0QmnLyoZ75
459,Slim Smith,2PuBpv31beJyhHfvXoku41,rock,track,People Get Ready Do Rock Steady,2001,04K31nVzKjF1jYTuvjwD9o
460,Little Feat,0ZIwOAzDuGPspzK7yiTc4S,rock,track,"Apolitical Blues - Live in Denver, CO., 1973",2001,5A5MzHW5rmXGFfnOf7rQVD
461,Тайм-Аут,6fmy8Q81dGicamzRXUfskB,rock,track,Не тормози,2001,6jP1nOuLBtD9hsBFuYnVKI
462,Crystal Phoenix,0OjXoT2nAGMBM8C2QUXKQA,rock,track,Sweet Freedom,2001,5A6U7QfSgt9GymWXes4mlF
463,Piet Botha,4voqJ8sx0QCunZjjvv5Zks,rock,track,The Game,2001,7leF1dWMYAp51JvslRXj6g
464,Liz Buchanan,5ZZI15rljmtddtnKbK101W,rock,track,"Make It A Song, Song, Song",2001,4o0wW14F8Aspw1EGDddOPW
465,The Jelly Bean Bandits,67KDk8sP2GVQ7o9uUmxH0I,rock,track,Old Rock and Rollers,2001,70QAESbyqWEdPpJiV3BogA
466,Awaken,3vdhCcrVUU7OQYYkfLmC2C,rock,track,Interlude: Ellen's Orange Room,2001,5yRgqdu5vCDyPaH36Lddom
467,Ad Frank,264CgoEeheJzDSWRwUf4ZG,rock,track,Bay of Fundy,2001,0LbTvNSgCgcqBT9EunEtjA
468,Onar,29VrXPXn3f48oRTZFIH6NA,rock,track,Posa Plia Eho Hasi - Acoustic Version,2001,6AhcyhPNQ6Ff9EnVL5Hqj8
469,Biquini Cavadão,7E5dcvoiZra9wwBuXYAYTw,rock,track,Goiatuba,2001,3lxKmPsrozcoa0Ulztky1w
470,PornoGraffitti,5jQa0f5MIMPEK7udL7UpI6,rock,track,Swing,2001,2S2Qtlz7jPd1YUOVyVxICo
471,DarXtar,0UsLfqz1ujIXOjkkONfbHI,rock,track,Healin' Skin,2001,5EN54NerNEITCAnNAFsuB2
472,"Phillips, Craig & Dean",0g5OkLnQogzLrT9s5vw6kl,rock,track,Let My Words Be Few - Performance Track In Key Of A-B With Background Vocals,2001,1nMFiEd986IpTnaXNxUAVn
473,need new body,1uVW1I12W5nTeCGKiGv8zu,rock,track,Ulu: Rangoli / Screwface,2001,4hFVzbLIMNNSStd1hjQIFA
474,Kotebel,6Qu3dPNoT0T5iZGPTCR9qS,rock,track,Prologue,2001,3nK1tilbMZquzerepkqxSI
475,André Duchesne,0nmYvIjXJKNmR5Hz1l9iXg,rock,track,Polaroïde II,2001,2HqYy1MWgzriZTezdieEZs
476,Pipodélica,4k2LiLnczWweBZIlGgHlhu,rock,track,História em Quadrinhos,2001,0b2Jy7sNFbdec2dtDHW35Q
477,Audience,4YlyB1QRqi2c593KgGzNfE,rock,track,Across The River,2001,6qUp7bDifDoWkFDjDIGApy
478,Tall Tales & True,5WiA0UUUKDWkysnLQFRY8e,rock,track,Happy Birthday,2001,1cfRv3pfwDTQo8FkOfz4T4
479,Megas,6XbSklZyAWRIxx7eP0netF,rock,track,Modus operandi SS,2001,3EmV6zXK8XztrTUZ84WUmq
480,The Land Of Nod,36rdRJ9J7cD24gVcxMERnq,rock,track,San Juan Capistrano,2001,5nB6o1Q96xzucMcVyA3lXv
481,Josipa Lisac,2DknWiTisiqRoSiyKSFog0,rock,track,Još Te Čekam,2001,5Tjy69A4ENyxygFFZHtjsG
482,Credo,13boT9Eu4zWyxbyp8VMftO,rock,track,Es Tikai Vēlējos,2001,34mYftdtHrgnsGKqLLbk2B
483,Danny Dean And The Homewreckers,1h1zZcJAu24eBZjUE5cD9w,rock,track,Thunderbirds Are Go,2001,3LQCRQBzUY4Wn4BrcsTgeL
484,KANE,7rgKxnnBAsZ7Q04d6jICu6,rock,track,What If,2001,3s84z2j0TuNIexCzbOwPZO
485,Greylevel,1chYEoCAySo8bYyNpa2xpV,rock,track,Blue Waves,2001,4aY0oGu7tEk46Bs9INRo2B
486,Kirlian,1dfSAiUAKnk4H8AjPMM4FR,rock,track,Dar A Morir Por Tus Suenos Mujer,2001,2RVKyGdMFtFGsFdzF59fNg
487,Enzime,32MvnNuUzLu1jkpmxLIStk,rock,track,Rubber Band,2001,0x5WYUizMG9qICfFO6gRFJ
488,KANE,7rgKxnnBAsZ7Q04d6jICu6,rock,track,Mother,2001,6Rr4iLQlcCKRcY4VQpV16H
489,Bruce Roberts,1liZxHhIHGMKRPV0Fdy4a5,rock,track,Little Star,2001,3cwakUaGsx7tZgqzzmnCj8
490,Rão Kyao,055WfszLK5xNZa2FvBlZQ3,rock,track,Fado Loucura,2001,5WJFbU1QTuiu8UkA6ZbfQ4
491,More Machine Than Man,6n4yPUgscXRFWH6sOEc1MD,rock,track,Touch,2001,4Nfsltd7AfIuHYmi4BjwHK
492,Ghosting,17Lt4tjWHuqBBF6JCIqB3C,rock,track,Seele - Alternate Version,2001,7v8XILqPtEfDsfw1jnOaoA
493,Desmond Dekker,1FcB6xMihhP9Hb6AdGVbWe,rock,track,Young Generation (1995 Version),2001,6ReDAPecpFTqJ8wLos4xn0
494,Kill Switch...Klick,3ipPequHYdL3b1KutsBI4y,rock,track,Eventually (Forever),2001,6oAckL9FrGaFD4amAFor8S
495,Тайм-Аут,6fmy8Q81dGicamzRXUfskB,rock,track,Возьми мое сердце,2001,7yYglIdjSZV3HbEkJakuZ5
496,Juha Vainio,4Hqo0LI6ibbjWwRuJtBsrQ,rock,track,Matkalla pohjoiseen,2001,7rPbXXLT9OGoXH6y84RegE
497,Lobith,5s3STXa7yRuhtqgFHNTKf2,rock,track,Fairytale,2001,3FSTFZCjR4hiIU8qNCNA5G
498,Trumans Water,3GQRTA9DtNlGbQqu8ST1Xx,rock,track,Sun Tastes Like Fire,2001,3FSX9iNy7xzmIzyUxNg03F
499,Escurinho,4JPtZ1t3FJ7SjLPEAHQswo,rock,track,Na Ralé,2001,3FSWP5hS0erCqe2sEv9Ttr
500,M-Clan,4oVqMVHC03xnYJ7fyb1dh6,rock,track,Minutos musicales con el maestro Prado,2001,5ctXKxcaFTrl4LYxDxoghZ
501,throwcurve,7rECs3ql9s7QivqFGJfqTX,rock,track,ブリキ,2001,10GoVXdvP6LJ3iVFxdknvM
502,Gazosa,2eZKn9Mql6QzOhIR2rfGeu,rock,track,On A Day Like Today,2001,4BMRr3LLonEdj4jWBarE2l
503,The Four Postmen,1RqtrXWV73irlmFMS0m7xq,rock,track,I Got My Eye On You,2001,0xhhGnHd9lflUknqN8599P
504,Roger Robin,1HOwxUFTQZGEopJ3td2SfD,rock,track,"Father, Father",2001,07tHQ8qxFKivFT5v0TEJUt
505,Rothko,00ZyEQUmhmVzTG1dbgvcTM,rock,track,Old Folk Tunes,2001,5FtCL5a65A8fiJou7eDGSd
506,Clube de Patifes,3Y6u6eyuMrPACm9JeUJBrz,rock,track,Coração Gelado,2001,3ZucSeH5PuxOfRgtfxU6bS
507,Liz Buchanan,5ZZI15rljmtddtnKbK101W,rock,track,When Pa,2001,3xIWKWUfNHCZDOdw2YuGPz
508,Gogz,0UNV8Q1SwFd7KprXGms8Wx,rock,track,Pawb I Weld Yn Iawn,2001,6YdyC0Unvs2WkN12MH4bgW
509,Bill Fadden & The Silvertone Flyers,7MNBXgMNYb19qzQUrEY4v5,rock,track,Bop Party,2001,2880xGoKwv4to2dBRO6TBr
510,JIGHEAD,5yVRxdbqs0JPShDjbkgL0o,rock,track,フラフラ,2001,292K9zXhRnxGYFej4Sv9QA
511,Poor Genetic Material,6mrymxKfFK2jN4CH3Ftbec,rock,track,Summerland,2001,6D7qqAqn6vQYACvhhXDLlk
512,KANE,7rgKxnnBAsZ7Q04d6jICu6,rock,track,Hold On To the World,2001,3SSqP6syteSVpDErCNqmCW
513,The Indulgers,1pBr7F4Z9UlvJ1DHTrxde9,rock,track,You Are My Sunshine,2001,4zLblUci7Rdvr1qGTOuAmH
514,John Lee Hooker,1yNOfXGQNGjAynk77wv85x,rock,track,Down At The Landing,2001,43w7hfNPXz18Tu6lP3W3NW
515,WRONG SCALE,4pwqcfSsVGflOH7OvEr0Q1,rock,track,D.S,2001,4pdnt65WCwcm2QFHdMKlYs
516,Status Quo,4gIdjgLlvgEOz7MexDZzpM,rock,track,Technicolor Dreams,2001,1z61zdFLxFC223SJmhJYm4
517,Jan Cyrka,1UA7iIS5ui7PypnfhzJjJU,rock,track,Chilled,2001,2DbocV0xEmZEolgRqusKps
518,Avalon,4rulVipLmUL2Mg67SIUmCO,rock,track,Come And Fill My Heart - Performance Track In Key Of Bb/Db Without Background Vocals,2001,0nTdTqJuTIcoXTirGwm5HQ
519,Carola,2qlQds30O0pDx4WqHEOoqj,rock,track,Rakkauden jälkeen - Was Ich Dir Sagen Will,2001,5WHe6GGTifABKoSksVNiC2
520,Os Ambervisions,15XSCvnJcIHswAok3YoRMC,rock,track,Proteção UV 400,2001,2F9ldXjB2HSTbupMRoA7ZT
521,Robert Palmer,530Sdm7eqqzWBdDmILMgnu,rock,track,Found You Now,2001,4jwDvVmsRA2Pi3ZP29hJjE
522,Stephen Cummings,0pEaZyETeq3k0YzcnGveOn,rock,track,Time Trip,2001,6LAirUlPMz1vpXCMMvOoQe
523,Rodrigo,235Vf4hkmwvxjVEMuCbRxm,rock,track,Quien se tomo todo el vino,2001,6iVyvQbZVkp4nddP1Sl3su
524,Dash Rip Rock,1IN2aZhF5WzfPWmv0b8KKS,rock,track,Silver Moonlit Rail,2001,1XOdMEUiYWZCPOYA10UYvC
525,need new body,1uVW1I12W5nTeCGKiGv8zu,rock,track,C R Eyeball,2001,266uMyHIqmnjhzOtlFrqJZ
526,Muddy Waters,4y6J8jwRAwO4dssiSmN91R,rock,track,I Am The Blues ( Washington Show ),2001,5rATYTDTWP2Jgkhx0QPe67
527,Óscar Chávez,4QHjJWgPhculd31AHEsjOb,rock,track,Gracias a la Vida - En Vivo,2001,3nkUlHvORvmwbq47RPAwB0
528,Piet Botha,4voqJ8sx0QCunZjjvv5Zks,rock,track,Spookjam,2001,49Q3mbvxSmkNzDXlIVkNGr
529,2 By Bukowski,5rtOqGWdAZaURJmraF5vz6,rock,track,"Burn Witch, The Sorceress",2001,3kEiL7NvvH08ow5YKxI0wW
530,1910 Fruitgum Company,17vIaBTHJOVxnU4v7t1DiY,rock,track,Reflections From The Looking Glass,2001,2z5A06fbkL6GgQAhcfrQVN
531,Dave Lindholm,4CrcbzoCLf6R6joQ2ruKvl,rock,track,Laaksossa,2001,1HStiRflFvDCAg29p1be7X
532,David T. Chastain,19kR9XvBZIFz1otBxms6cC,rock,track,Riding in Style,2001,0lud71enp978TueY56zhok
533,Embryo,71TXox3zeu8QPFAiv07Qf4,rock,track,Yorubagroove,2001,2VIZQmqCatsyX9WN5aq0qY
534,El Caco,5M5tHP0quatNiMXpigYMzL,rock,track,Monster,2001,1Sb9Te4MujpbDKo9tODYIT
535,KANE,7rgKxnnBAsZ7Q04d6jICu6,rock,track,Alone - Int'l version,2001,06WjiOi48fa2GSNynzpMub
536,Johan Verminnen,3gH63DgDuvcGgXEmkHB2ur,rock,track,Treinen,2001,1gdu7O7u5ScnYhgHyqc6DB
537,Tajo Kadajas,7xTEOuyDzuwhsCLr3pDZoF,rock,track,Kevadine,2001,5c1cEQXHXswHjTfuAxDrCV
538,Karat,18yvjJdI9KYQ7uJAZ2z8fY,rock,track,Abendstimmung,2001,1YT3xFmMuNkZ8AVShuTVvJ
539,Seven Steps to the Green Door,51gvzIXzQwBjzQE8k0JN09,rock,track,Closer,2001,2i8Uo0QTOOjANstzrAvfWB
540,Super Furry Animals,0FOcXqJgJ1oq9XfzYTDZmZ,rock,track,Happiness Is a Worn Pun,2001,65U5U1eo0CnmRgsTOeM9tZ
541,Stuðmenn,25ekuoCP29jHKzH4PEGun6,rock,track,Láttu mig gleyma,2001,0fm3KzebhZrAXaLexVLKlZ
542,Amber Smith,4kcLWNvS4AnbH8YfzDPhpP,rock,track,Majd Egyszer,2001,7JQrGi5gSUeuxAAYV7fYru
543,Atomic Rooster,6Ix7Hx8Af0jg9X4OfD9sYR,rock,track,Backward,2001,7oHQQjOYS8HoyzRjHxVrio
544,Harmful,16vYauKyeJl5SV84bqHqQJ,rock,track,Plausible,2001,4RXJGnEUSOLX3tykFrqIx8
545,M.ILL.ION,3ZlvDpEUHt0FLWgJk5FBYF,rock,track,Sign Of Victory,2001,2qO2u6swXQNgOxAVue0iey
546,Tall Tales & True,5WiA0UUUKDWkysnLQFRY8e,rock,track,Moonshine,2001,0xSNnzoTPyzBND7FFBbZfL
547,Angelica Maria,4mQmpDH2FfT9FjSnAJV3U1,rock,track,Abrazame Fuerte,2001,61dCDPqplI86D4XfqavxJp
548,Va-Bank,0E42XE6abWlzCgYMJptekk,rock,track,Ты и я,2001,2yw859J8qme00KnBEyDma4
549,Aziatic,6aMcOAo7U5gfzsFtdVM40i,rock,track,Nibagari,2001,3tne5d925QJ8gDi6ydrlvV
550,Va-Bank,0E42XE6abWlzCgYMJptekk,rock,track,Кто мы,2001,1uyOxWxjF7Ivg51K22c9VG
551,Steve Goodie,4EjbWA2xYz4IhnWzQtFPLx,rock,track,Slumber Party,2001,2xiai85ISVELDsoZLVEG3Y
552,The Oak Ridge Boys,3XnO697XIus1M0cMuxZjos,rock,track,Santa Claus Is Coming To Town,2001,7hvoRVADH6z0GOCo4X78Cg
553,Los Gatos,7wL1RaL0IEr7bK2WKV9sEU,rock,track,El Otro Yo del Señor Negocios,2001,4woMFlVJDJh6ju7b9YVkXm
554,Os Replicantes,6hP7JNm3e4E0c5bldlKlO6,rock,track,Não Consigo Ficar,2001,3BB6ny4ScTJamzCXdWeEW9
555,Havana Black,2iIVdV7PriN6FluqzeiHPm,rock,track,Cockroaches - 2001 Digital Remaster;; Bonus,2001,3DWtGYHERpBB7upfk2tETd
556,SOBUT,7wiOTXhsRROAbAm7GDETD4,rock,track,TAKE YOUR POSITION,2001,0XGSyUES4rQm8uyOG0aLg4
557,Frankie Laine,3cgO5CdhEHKMxldjZlP5ix,rock,track,Put Your Hand In The Hand,2001,6bm0w745ZwhRkaPDKRnUbI
558,Умка и Броневик,6IJZ7zfO5Kc2T1jevVFtze,rock,track,Шоу-бизнес - Intro,2001,5CdHDYNiaYSDUZYCOIz65i
559,Get Hustle,3HhZB6dvxCAvEuJPtXCcFO,rock,track,Don Quixote & I,2001,3vHC58QwmeWS5TP5tjqWTd
560,Hobbit,7lG1Gqdzu4R0fKaBYTkgzs,rock,track,Join The Celebration,2001,0CdjE8fuJwJcJ5sBIruMTY
561,The Mary Janes,32zzGyKvXR9LCOH45EuXe2,rock,track,Downtown,2001,0pDvZMz7FxuMobR3MD4uSB
562,Newrotica,5BfvdZ7bZpIREbvHOjQtUh,rock,track,風の中のロックンロール,2001,25BC7l4JgMcII3SuhbSPhd
563,Presser Gabor,0G3PMZ1z0G7ziXrjryetoR,rock,track,"Oh, csak a hajnal jönne már",2001,3kqSsyTASHqUbh30WJaxeg
564,Hortense Ellis,3rZYrTkyrwz1CiW09bfLE2,rock,track,I'm Still In Love,2001,3kso5EcfLEfcZr22Bki4gr
565,Dept,0SAz2NoWtuteOJngjuKgHi,rock,track,En Un Instant,2001,2EwjeQQp34HKSp5J1BB6mg
566,Neverne Bebe,3eV1L6eiSGQNtzhn2Mw9vm,rock,track,Ljubav,2001,07sSMIDu8Rc7x2QUWxFWOa
567,Ronnie Self,5uGILxxiSWMniB1B4FpmOS,rock,track,Bop A Lena - Live,2001,3iHu6OrhZjAcg4uFiAkW7E
568,The Four Postmen,1RqtrXWV73irlmFMS0m7xq,rock,track,Now,2001,35esOcOfwEPmo87XDGaVkb
569,Awaken,3vdhCcrVUU7OQYYkfLmC2C,rock,track,I'll Disagree,2001,7p2GrekkrcLa2rgwG2u5AD
570,Cooper,0BL1wEw8kHSX7C3m8fzGNR,rock,track,New Age Crap,2001,28PopaGg6ZHrE7kve52j3I
571,Dennis Brown,0UmBaQJflaHddKtf1lrA6F,rock,track,Revolution,2001,6XFpGj2KXa5eVSfbiV1Uon
572,Siakol,3l9mRJIGzW7RrEE2H8Ldvq,rock,track,Bagong Taon Na Naman - Minus One,2001,2OHwamIM1KM0w3mrS1nOGh
573,Rúnar Júlíusson,5H97alXxCid4JxUE0WPfZ7,rock,track,Dulin ást,2001,6CF9TSSqeISHma5vIx0Wzz
574,Koyi,26kdmWEHUotjdBzNWJv5JD,rock,track,Girando,2001,7aeBiYbn6I2X41iBT9lnVa
575,Rebel Storm,0wf5eXeRl34381nDzqvKvr,rock,track,Drinkin' Muddy Water,2001,3Mrcm2mK0p5udI4PefFdJM
576,Rodrigo,235Vf4hkmwvxjVEMuCbRxm,rock,track,Te condeno al amor,2001,4lMAIodgly2FSVcB7IKRoz
577,Lobith,5s3STXa7yRuhtqgFHNTKf2,rock,track,Blinded,2001,3B7jGpkjIdUcOh0n1Vuiqd
578,Die Form,4EtqRPBTABMndC9NYOkBAA,rock,track,Song of Paralysis,2001,3XVpoU4PJJ2gF1ETQ7rTfE
579,Grinding Reaction,1Em2O5F1sONFKUOOmQJD5M,rock,track,Fuck The Rules,2001,4n19NQAweChufxwAz8Rlkz
580,Chris Spedding,306XaY1dO5UhXQOWSjKIwQ,rock,track,Pseudo Blues,2001,6mECj6SGuC1PalelLLdTmT
581,Status Quo,4gIdjgLlvgEOz7MexDZzpM,rock,track,The Price of Love,2001,3e0n5dHMqrTmNAhcByPVpV
582,Cisse Häkkinen,6QsPbdQPjyiaDZdkoel4yj,rock,track,Only Sixteen,2001,4lzlLYWpoXXjeSV4D189yx
583,Luís Represas,5iiwTLMz1fDCbiAJ6yOZAe,rock,track,Still Crazy After All These Years,2001,2NHFUrsBEMJIqZinQWYxHp
584,Judy Collins,5yzE49FicYiSxN61oaxkNn,rock,track,The Prickilie Bush,2001,3w2aOWJfIkDeuiZqM1JRB5
585,Dr. Snout & His Hogs Of Rhythm,7iFFwxDhMR3VqQC7jeA5Kt,rock,track,I'm Lost Without You,2001,3NykVpdeCdfTZ4nlkB6dgo
586,Bobby Darin,0EodhzA6yW1bIdD5B4tcmJ,rock,track,Release Me,2001,1IOaqZ8TXtilGmZZar7sms
587,Bonfire,7gqKcfoY25do9k18uCCgIT,rock,track,Anytime You Cry,2001,7Ll3DqdXKtZPNCMLImwxJc
588,Daeonia,4qfQvXOD74IBoadaRVV0gz,rock,track,Bitter Sweet,2001,0qoNZz521uZdbt6tGnkyAJ
589,I Lobello,6Zaf3Kd0Kh4pbHsLgSU8Zl,rock,track,Ballo skinhead,2001,0BProlLF5MKPghu5dLhPbT
590,big leaves,5eN93PcWojrWEEmmSpSs2c,rock,track,Electro-Magnetic-Pollution,2001,0lNAbqf3kfl6FbqkazrbSz
591,Inocentes,5PFAm9rM4jrm1X2jPX95E2,rock,track,Nosso tempo,2001,0uQnyG5M38lf9KGgAz4IPv
592,Topi Sorsakoski,2E5oIWJKpGAckSxFSRpcE6,rock,track,Silmäsi odottavat minua,2001,4GNLIShsXzmy1ajmySaiOb
593,The Ugly Ducklings,6qmBUFtVUT3QZhnxlxJHB5,rock,track,Who's That Girl?,2001,2xN5hswpdINQCcpb379l6n
594,Dan Peek,6HoR4Xa6nrt2e273b2fl5M,rock,track,"Blue Skies,Blue Eyes",2001,0HXLtn1KzB05a1mSUs4lox
595,Judy Collins,5yzE49FicYiSxN61oaxkNn,rock,track,Sing Hallelujah,2001,6NFnyF1ZkqKWAZegFnFp2S
596,Gene Mitchell,4gcx2A89mvq3I8JvYHN4l8,rock,track,With You Here,2001,6GOrhC10DgivziHBy6plSW
597,The Pale Pacific,0WoCOCw8Ci5hR0KulQ0ugK,rock,track,Common Sense,2001,5pCRIiPRl3Az2jkL8WyFDE
598,Haris & Panos Katsimihas,2OVFX90h8lDzPZ5L5Mu0Vz,rock,track,Kataggelo,2001,3sDVivaQCgjk4Zz4iWHuHs
599,Art Zoyd,3UGoJfjsENJ0x9rVckIuOg,rock,track,Rêve de netteté absolue,2001,7ikpvi6ulHAZMyqbU91gL8
600,Zarama,0WbAoxAS5475xGxyiwqOd9,rock,track,Euzkadi Fizzioa [Izorra Hadi],2002,5loyoxqtl8AAIGfZEc1mGY
601,Tomeu Penya,6KLolR6RNEUVUvKOOsxrXm,rock,track,Sa Millor Amiga Que Tenc,2002,3qRcoB2ji0uHcgDS58FLA6
602,Felipe Conde,7Iw11GY12H5tIlhCArx6AO,rock,track,Quédate Junto A Mí,2002,4oliTKv3MZewSUOjSzFJQF
603,Sylvia Pantoja,59ndRRPWpMdVIdzi1eaNzx,rock,track,Ambigua Noche,2002,2rpFN3k2wkA7VuHw7lat6E
604,Txapelpunk,1zOX25BGYZ4nt7XcACV3jG,rock,track,Widow,2002,4USstAJsDvm9kedfTdfmyM
605,The Killdares,5riG3BzCz2tCm31t6WPK1M,rock,track,The Noise Club,2002,2JejtfHiJjEd828qyIqDC5
606,Inocentes,5PFAm9rM4jrm1X2jPX95E2,rock,track,Pátria Amada (Ao Vivo),2002,24r9YYmDg29NEjyjQb2PaX
607,Two of a Kind,6hSKwgHW3ugR3FHuMNUHJx,rock,track,Girls Who Rock The World,2002,7FUxVtbJooDKx4g0mAbLVB
608,Hasil Adkins & An Unknown Band,0uSkPxJY9HZQbj8NIIHpxK,rock,track,Can't Help It Blues,2002,1OE0PfzbwBT9RA06GuUJrG
609,Los Chicles,33k238xDmPUIkZD9nZiVJ5,rock,track,Yendo a Pegar,2002,2sN4Flnvqj9fZUivOzwsrs
610,Jóhann Helgason,2HwYPvGQ5C8g6NYM2JCG5n,rock,track,Working girl,2002,0l1ekVlxtc5Y6VYxlo17Qw
611,Lito Vitale,7lw1BVWquad5hKtDPU26JG,rock,track,Grisel,2002,6C1sxGzrqL2IrWUeqPgHCo
612,Eric Schwartz,2wmjSzz9TcqPgSNMGAVksR,rock,track,Sunday Blue,2002,5gxFGCarjWfoF6S5ru7b8P
613,Levente Szörényi,1wSiwCT35lsFN33eg4P6pX,rock,track,Védd magad,2002,5uHKKSIOYrfjvylFbxW1KJ
614,The Violents,4ctqluckgVy4DwBQRpTNXC,rock,track,Franni,2002,2OUbSuJAmNS48isIfaXlP4
615,Dada Ante Portas,6VfA0d1cYJRl7UVb4rPIWl,rock,track,What Remains,2002,5KFha8tn6LNHNlrDJjX5Fd
616,Los Terricolas,2nrSPPSfNesng85eRV4W4m,rock,track,Dos Almas,2002,5nytT9GNRvHkNgfTSzMYvd
617,Chewbacca's,6AACr2JEanAx0bWe0TBaWP,rock,track,Das Experiment II,2002,170WwnItUy51EXDCCsShW0
618,Midnight Configuration,1HQ1DozvRGlenHYr27GaPe,rock,track,Necronomicon,2002,45SlGmzYaU5fwQNjO2Gocv
619,Xabier Montoia,4QpPME6KGDpOYInj6zxA5N,rock,track,Aspaldiko Danborrak,2002,2mZS0OfJe1grrmUiKFrN7i
620,Hans Hartz,56yFJ4qiO7aEarwc3LW62z,rock,track,Der Wahnsinn Blüht II (Radio Version),2002,3Uvuow29rHHIRXv5yK4kUd
621,Los Rabanes,3yYb4SmE7A3rpOTklSlpXO,rock,track,Un Suicidio en New York,2002,0sWEu4uw7ZFLNPGD7FNHZr
622,Bernie Chiaravalle,4xt2hzGfXdXqKR2msI2gOj,rock,track,The Way To My Heart,2002,3ymcf7Lpt2PfBeeujNJa7b
623,Sam Sam,0LRuvIEgEeGnU02JG2Rbcb,rock,track,Desperté Mojado,2002,57hux9uYKcP16ffRW2eCy8
624,The Piranhas,435P5BOagxp3uV2KxWuL6m,rock,track,The Great Glitter Nest,2002,01DXaPY2JjJc7MgvQf2ONp
625,Juliet Jonesin Sydän,502TsngumK5KwcgLoB2yfx,rock,track,Santa Claus Is Dead,2002,6uckFQv7stlbcbfczeMDdV
626,The BellRays,1j22sbMyu5n26N00BebDBh,rock,track,Merry X-mas,2002,3R626ghCHJGETp99SZd7ai
627,goldenboy,2mB0WOw6RgjJWtwPwG0wBP,rock,track,1st Rule of Breaking Up,2002,3adLzQxB4QjhTz4wHLX3Ua
628,Deserdados,2hG5OCXnMEaldDTkDnCq7o,rock,track,Assim É a História,2002,0l8GqccWbQsBeVs8ya6xrF
629,Skeleton Key,5KEmcTMN7sZZl1VS2nARVU,rock,track,Roost in Peace,2002,1Vzd6gO2drqSiIcO0BdMuh
630,Vandal X,0CoqyOrLXvkNawK6f3GNZ3,rock,track,Not You,2002,4T1YtwORJTWJPIRCD2fsXx
631,Tennessee,53c6LILCfJcDt4MfXOWClk,rock,track,Heut' Nacht Lass Ich Die Flasche Steh'n,2002,4J8DenWKOB6d44cXBLsx0r
632,YOSHIO,1RoOZqC7GYHlUG3FTFFx7Q,rock,track,Nos Estorbo la Ropa,2002,1pXJWc0YrVlNotfjUkYXkw
633,Stafrænn Hákon,5UhutL4dtFLBmnhhbOtIGT,rock,track,Tálkn - 2022 Revised,2002,5XH8Z3eyEkPiMcY2WAYP5i
634,Danny De Munk,5Mww2P8ni50lmfOTsBmGHn,rock,track,Ik Durf Met Jou Alles Aan,2002,0yVPzD2Hu2nxMaY1E9Unu8
635,Lakis Papadopoulos,1vhL7DQsMAxapgKbSJEYJM,rock,track,Fige Apo Mena,2002,1wGc2wVh7bRfqjOQFr5uNm
636,The Violents,4ctqluckgVy4DwBQRpTNXC,rock,track,You Don't Know,2002,3LwatK5Lc34hg0LrysrIo3
637,Valentino,7sa9EtuhrzzGzXkbDTQ5vr,rock,track,Como Me Arde Mama,2002,2v2ZUKzWXIyHpm5ZKH6HBP
638,Hatespeech,2rqMG6WvDWyccS0EWjrnB5,rock,track,Unbeliever,2002,3onLYlKzl9vOlXmMM5301u
639,Omega,2jFXKAH9A9H8lVnJkkLxXl,rock,track,Man Without a Face,2002,0SKCJ6oCorOPMUJXLIG7Gp
640,Jad Fair,3xx5PhUhJZ9ADhd7RlC00C,rock,track,Two Of Us,2002,3eXlmLunX1vywCEILqjWwp
641,Yo Yo Mundi,6TpK5SOB1MXn7uYWZUiS2V,rock,track,Ambaradan (Filastrocca Degli Esclusi E Della Vita Che Verrà),2002,6LBNoAKKHuqMWpuB8lGH8e
642,Karat,18yvjJdI9KYQ7uJAZ2z8fY,rock,track,Reggae Rita Star,2002,2MhfjIGXQnOWNXNbxRoXnc
643,Daeonia,4qfQvXOD74IBoadaRVV0gz,rock,track,Whatever May Come (Whatever Comes Before),2002,75VUoYgPvRTDru0YUtGDWo
644,Stephen Cummings,0pEaZyETeq3k0YzcnGveOn,rock,track,Hell - Live,2002,3TAfWXPKczZvggyBYPAhTo
645,The Groove Hogs,1352SzxhEF99CkMByWtNOT,rock,track,Fool,2002,04Df9oMU9Ocl97x34Wz1Pu
646,F/i,5GwhlyMISqQyKVDKkcT2Rk,rock,track,Untitled Jam 3,2002,6XznZ6DeTgff0IY2Z7MObg
647,Mišo Kovač,7MioP9oOYXmNKao9W1QnQM,rock,track,Dalmatino,2002,38NWwpyUTzgEFA93iuoJCO
648,The Harmonica Pocket,4v9cwVM0AQC2tF9dkJXC3N,rock,track,Umbrella,2002,66GeVIKmcDsTHWIFD1TNJe
649,Mark Keeley's Good Rockin' Tonight,2yO7coNnDLzS7m186TbSHQ,rock,track,I Can't Take Anymore,2002,7qw0FVjos8Q7XNPS9IyNHM
650,Moly,259aVU6QMHVS0sOhbDRR5g,rock,track,Not If You Want To Keep Your Spleen,2002,5aPJcLVtoMDWkvLyVHPxbS
651,Los Chicles,33k238xDmPUIkZD9nZiVJ5,rock,track,Para los Pibes Tristes,2002,2O6LvKEcmKEFiTdn3zQp92
652,Stafrænn Hákon,5UhutL4dtFLBmnhhbOtIGT,rock,track,Kul,2002,78mI8WWA6bJ8FoeWHM3QOn
653,Frank Ifield,4IYYmybW7zLRFIPnOjBUUO,rock,track,Maybe I'Ll Cry Over You - 2002 Remastered Version,2002,3Z3HXPI3y2D9zmSkz56jVI
654,The Drugs,6e6vN9x2CDRbcUW3YsMuCB,rock,track,Pam & Sam,2002,2qcsifWLfL1AyU7n10VX7J
655,Dust Rhinos,7sLHa31X426Y3TkIR5BY8f,rock,track,Step It Out Mary,2002,1XMLbs2Rjm2HvIrvTFOtEW
656,The Boys,5RXVxV5eWWhzou4tkjawRy,rock,track,Svengerland,2002,2YGMbhvKIU9kC2x9f810kl
657,Frank Ifield,4IYYmybW7zLRFIPnOjBUUO,rock,track,Legend Of The Robin's Red Breast - 2002 Remastered Version,2002,5t7j3D5agR8mBDYznqzQL2
658,Metamorphosis,0R675t29J8EHbZs59jPNPo,rock,track,Under The Sun,2002,6Qu8Bc7tt2Wt4AtwZmf3Ae
659,Ache,6dg6cTpjuKMqrEVZIDf9XI,rock,track,Hielo,2002,6sGah65qgrucaIQEq9m1sq
660,Rod Stewart,2y8Jo9CKhJvtfeKOsYzRdT,rock,track,Lady Day,2002,5Y9Llp6tynq2j2q5plYov0
661,Geraint Jarman,50WjSO2K4D7o3jzIIJoDrx,rock,track,Can I Dan,2002,0bixfHwVToc59lYhAU3ziL
662,Estrume'n'tal,6M5bdEkP8A4Rhd6UZepWL6,rock,track,Bolero,2002,3CiKd1efoZWt0ehboQHWrF
663,Charlie Monttana,6hszx52doSbSMupWHUGdTv,rock,track,Happy o Uyee - En Estudio,2002,7DP9bVootoI7yW3F5ni4K3
664,need new body,1uVW1I12W5nTeCGKiGv8zu,rock,track,Dirty Bitch Medley,2002,6y7XhUvZQF8aoSS8sivhtV
665,Los Freddy's,6Pg8M1zA3uDn0h5IOFc3pe,rock,track,Nada gano con quererte - Con banda,2002,7A2dUnpVdW1V5xu0hWPRHZ
666,Walter Bordoni,6GFFJGSSAjCEkspaaMkIPb,rock,track,La Espera,2002,4QkGH7CIQcNqwIdauMwDFE
667,Barry Brown,4RLadJjrl8Ygnmg4HoWH8v,rock,track,Big Big Pollution,2002,05aqz8Eagh5pI8Yfkqj017
668,MQN,4WAVFU5n12oaPga0foAR9E,rock,track,Devil Woman,2002,6wUOKzWyHvYAsQRrI8fqtw
669,Levente Szörényi,1wSiwCT35lsFN33eg4P6pX,rock,track,Színes ceruzák,2002,1OCaXiddkxSTJnvNb1x2CJ
670,Ian Gomm,7fmugt9MKV9lcPgBjEzVdm,rock,track,What A Blow,2002,1OCbm7I2Y9ySeeHrXKrGEX
671,Bananafishbones,22AGiwQ7AHdcNro97iq5Xq,rock,track,Talk,2002,0VcWNa9yxUz7Xf9EoXx1x9
672,Silly,4vvZMdl6p2XjdcmxA9dRws,rock,track,You said I'll be back - house remix,2002,34TqAJbNHSnMsQBVpnDcyW
673,Litto Nebbia,2SpMjzpc9CfI6WWtwdToiA,rock,track,Harlem Español - En Vivo,2002,4UaSWvhKN5EVVsqRyU1oeQ
674,Music for Aardvarks and Other Mammals,4iFV2AfXg5jh8IzWE6mR32,rock,track,Love and Things,2002,0l312wFFYQIecpf6h0PCD8
675,Yo Yo Mundi,6TpK5SOB1MXn7uYWZUiS2V,rock,track,"Uh-Uh, Ah-Ah (J'Ai Toujours Faim De Toi)",2002,5dZr5PR9yBZoDOJd8EJzYH
676,Divlje Jagode,6mMlq8oWkHZwC2rd2RZbYF,rock,track,Ti Bez Riječi Znaš,2002,0d4K3y7IhXS6dn1opy3Tob
677,Mark Wynter,3OBsMrq6yrP1a3kSi1Acte,rock,track,Don't Cry,2002,5onbuGWF7OgtvPZ4TFPpDi
678,Narguilé Hidromecânico,7tEjDV9Nl3hLVxPntTIExE,rock,track,Crôa - Remasterizado,2002,4NtBaoFoLrOjKtUf7R2jBl
679,Virginia Lopez,3vEgzbeKwiwMKhpjdJ4xpS,rock,track,Por una Traición,2002,0tQubExQETqYsipOJ7GEsR
680,Sugar Minott,6iTD167bhyfYwEd7fd2bGn,rock,track,Dread,2002,3XUd3WXE5oJycLnuYq5j2N
681,Poor Genetic Material,6mrymxKfFK2jN4CH3Ftbec,rock,track,Star of Eden,2002,6JPQmDxwvfpQfclmLwhjyC
682,Headless Chickens,6IYhQUa20ru5eYoFYeQurx,rock,track,Dark Angel,2002,1TlhTMkGHkbLRhvj3SoDLl
683,The Five Satins,2YP02JRa1JLejrg3XTssJS,rock,track,I'll Be Seeing You,2002,5aootY1a0ycOwIs8Sc4Ekl
684,Dog On Fleas,4IeVO9BEsrReZNdAtF2h6L,rock,track,Parking Lot,2002,2KEnN6NXZ37Iwora4sGGH1
685,Such A Surge,0MBcy6D2CyFXBHBUEWTtny,rock,track,Tropfen,2002,5q3CCVBcZrRhaxKC7Sq1Cv
686,Wayne Watson,7M8NpXAQ8mw9SN4323qa8S,rock,track,Long Way From The Manger - Medium Key Performance Track Without Background Vocals,2002,0hlmG191huLs3XvnajPtHD
687,Karat,18yvjJdI9KYQ7uJAZ2z8fY,rock,track,Kalter Rauch,2002,6y6evi0lKVpoUTK6Fv4Gtu
688,Tupamaros,7GP4CEx224ccPgW6paHQwQ,rock,track,Alex,2002,4vhfqKWcE7ocGHhzGIEkdq
689,PREMIER,2RxnWPgHZC8C17FRcwHRc2,rock,track,De Facto,2002,2NikLN60etbcQT6TFP9JEt
690,Sugar Minott,6iTD167bhyfYwEd7fd2bGn,rock,track,Be Careful,2002,76ULopzsrFzHmmgsCocjhD
691,Goran Karan,1yIoxjYC0dwhVYhNx4Xsy5,rock,track,"Partenca (Ay, Ay, Ay)",2002,0W64DjVDgZv3QcKrYBBWJM
692,Nichole Nordeman,0KSjxPoT71Dq8qcgfWTdHh,rock,track,Holy - Performance Track In Key Of F,2002,2ygDOc4ODvueGn0HHcTNsd
693,Danny De Munk,5Mww2P8ni50lmfOTsBmGHn,rock,track,Overal Waar Ze Gaat,2002,4Ke0ZyUoCQuAJDQIeSA5fx
694,The Groove Hogs,1352SzxhEF99CkMByWtNOT,rock,track,Make Ends Meet,2002,0YwvYJli1NQbIfHhc3SFPI
695,Defalla,6cV66nwEmSQpSEgfcTGHyg,rock,track,Pra Tocar Teu Coração,2002,1nMcvgAysrBfkmgyiNMPlh
696,Frank Ifield,4IYYmybW7zLRFIPnOjBUUO,rock,track,Troubled Heart - 2002 Remastered Version,2002,2WdIqFbWM3NwfLtHsBlTU6
697,Ty Syčáci,4ZQAmIKhpZqEber8eWAcEC,rock,track,Vylité srdce a napumpované,2002,5ctEMSZntS1o7ijs31L0EY
698,Марія Бурмака,2UMSihTH3Z8XpCGKjjceIs,rock,track,Де ти тепер - Max NRG Mix,2002,2sb7R40CMA7vQHBB3HyWW6
699,Maarit,0cDU5ze2NWQhHY8uAupcS6,rock,track,Sillan teen,2002,292nHGXreWDUEjmdEP9azJ
700,Heavy Nopal,7oFDTCTqOMHss3q89srhul,rock,track,Ruta 22,2002,5xNaE2pi38IPmXdp5zUIyw
701,I-Roy,3sILhd3JYkhVDMy7CVhpZ7,rock,track,African Talk,2002,3oMiZgm0IGLLK1nr475cYL
702,F/i,5GwhlyMISqQyKVDKkcT2Rk,rock,track,F/I-Boy Dirt Car Collaboration,2002,6IdckcR7O7fUcdwFMOWJ5b
703,Bernie Chiaravalle,4xt2hzGfXdXqKR2msI2gOj,rock,track,"Then Again, Maybe Not",2002,4mYa8Z8YylGJDh091pE4fm
704,Leslie Smith,3gXcQy9OwPfnfMVgyJhB3d,rock,track,There's A Place For You,2002,2ts8HMCcmJVekMb1T0ccY8
705,Karne Krua,7yD4s20G4ItK6z3q9f4nnW,rock,track,Brasil Heróico,2002,4mVTQ9YwFIdejIXhI1EaIh
706,Vodka Juniors,2XJbXqEZAerqrG44oPbBBt,rock,track,Sixteen Seconds,2002,3R5NrusQUDyHR2dyBKQDyV
707,Sugar Minott,6iTD167bhyfYwEd7fd2bGn,rock,track,Dread,2002,3XUd3WXE5oJycLnuYq5j2N
708,Captain Harry,5Szn5qp4x70BbbDVKYYCcJ,rock,track,We Move So Good Together,2002,3qkan5qkFgdwUYxHFnSoES
709,Regev Hod,0Fhli3d4ykenPL9cA8RYay,rock,track,לא יאמן,2002,0aWQpPhHic9svAMkQSc3Zw
710,Landing,6jrhwgDm1EcvFgDJoo8eY1,rock,track,Fluttering Wings,2002,4T2da6WNCxyAXnq8lLil50
711,Lizzie Borden & The Axes,2KV8CijsvZdNS0u63oXpg0,rock,track,Slippin Away,2002,4aZp0jAEaCwiYu4aOqa8ws
712,Juice Newton,4L1z1IcfK7lbqx8izGHaw5,rock,track,Queen of Hearts,2002,3YIJoavjH8ZxYZqmGArGK3
713,Purrkur Pillnikk,0fR58VVRkolDC1orOkycRU,rock,track,Lestin,2002,0owm0eAzaoP21kHuWvlOsM
714,Clay Crosse,5AANxVyO6dOulHHX5pAWQg,rock,track,Angels from the Realms of Glory,2002,5bKrfaAKSMqrlJhTKHmCK6
715,Yami Bolo,6K4qT7qjaR6q5SqwQ1oA3o,rock,track,Harsh Reality,2002,2ps51z8jhIysBXAk4f06IY
716,Stafrænn Hákon,5UhutL4dtFLBmnhhbOtIGT,rock,track,Vofa,2002,24DYO1SkIOXPpUgR6gRFRB
717,Madera Rock,24W4c9EbkLLQ0QXBr2c91U,rock,track,Noelia,2002,3JEiu6cpBPnLcz4KzHIoay
718,SABOTEN,7sXuNhQNs04fBoANVpwUq0,rock,track,世空,2002,1s81fSCGBy4rOEMqODhbZk
719,The Fall,6WoTvA9qinpHtSRJuldYh6,rock,track,"Kick The Can - Live at The Knitting Factory, New York, 25 November 2001",2002,14DPOmaiqFPkavn91USctc
720,Iwa K,5V4Bmxj6CowUoOdcLUEQPt,rock,track,Wanita,2002,2FHhCxGTR5yjzfZzJyHuku
721,Limon Sutil,2swIabh5PQDY7kzfI5D34P,rock,track,Pies Mojados,2002,4sl1OEl0BL8cUHs9wZ1lOl
722,Loren Davidson,7dagT8wqklVI0Y32veO97B,rock,track,Lady of the Sea,2002,3pklNuTEoRoSAKImxKFYZC
723,Poleposition,0oqtXbuMuFW7JYZB2KHjKO,rock,track,Time Travelz,2002,5FXdQFzDVNcXKwiEXdtlb4
724,Metamorphosis,0R675t29J8EHbZs59jPNPo,rock,track,Mina,2002,4N1rjPw6mUpZRG9drtCK5h
725,Ty Syčáci,4ZQAmIKhpZqEber8eWAcEC,rock,track,Paměti pátracího esa,2002,3nIAlg52gJWTP0eabIWYJ8
726,The Piranhas,435P5BOagxp3uV2KxWuL6m,rock,track,The Great Glitter Nest,2002,01DXaPY2JjJc7MgvQf2ONp
727,Chorchestr,21xP4E2nmnIdJRu0KPqn5b,rock,track,Houba / Mushroom,2002,0vXLKyWFlL2JngGSUJAHCA
728,Gal George Gjurin,37eU7Xp1a4WIQHtWioVH7O,rock,track,XXII.,2002,2eIYOFn5h4C9DLtJ6ufL4B
729,Stephen Cummings,0pEaZyETeq3k0YzcnGveOn,rock,track,Hell - Live,2002,3TAfWXPKczZvggyBYPAhTo
730,Mark Wynter,3OBsMrq6yrP1a3kSi1Acte,rock,track,To Love and Be Loved,2002,1dQkYAXtJElW9uqOz9Pkzf
731,Midnight Configuration,1HQ1DozvRGlenHYr27GaPe,rock,track,Arkham Fury,2002,55UdVFxutAZZIWuxBMlPka
732,Leslie Smith,3gXcQy9OwPfnfMVgyJhB3d,rock,track,Need A Rainy Day,2002,30c7jJ9M76vJycrZntQZ3b
733,Levente Szörényi,1wSiwCT35lsFN33eg4P6pX,rock,track,"Rég volt, szép volt",2002,77rhSyEIeKse6nW235Wlx1
734,BACK DROP BOMB,7iT9CcoboEEyJXPPrnLM3T,rock,track,When The Man Have Realized The Sound - Flow (DJ光光光),2002,6loqWCVqjiWFbhAD9gIFPJ
735,Xabier Montoia,4QpPME6KGDpOYInj6zxA5N,rock,track,Aspaldiko Danborrak,2002,2mZS0OfJe1grrmUiKFrN7i
736,Ainhoa,1dhhcNPTwfTrCjfUsrGK3C,rock,track,Sacrifice,2002,3tQ1dKDK5mAou0S0rXx2Qa
737,Pop Will Eat Itself,5rIXueJu7zVE2gDZjUM6g8,rock,track,RSVP - 7'' Mix,2002,6eNtL0rDfiSuEUYH5oVkBI
738,Rod Stewart,2y8Jo9CKhJvtfeKOsYzRdT,rock,track,Every Picture Tells A Story,2002,2d5KG3bx6G5LxZhApaF0Qy
739,Crummy Stuff,0t3buioOaR6cXcZJdxXM25,rock,track,Russian Roulette,2002,0p1py2gE4vkv1SjtOEvP6S
740,Hatespeech,2rqMG6WvDWyccS0EWjrnB5,rock,track,Unbeliever,2002,3onLYlKzl9vOlXmMM5301u
741,Mikhail Krug,4KplcmUZdFxGJoZm65B3Vo,rock,track,"Девочка-пай - Live Студия ""Ночное Такси""",2002,61yTGq05czczkYtoFcuNLR
742,Karat,18yvjJdI9KYQ7uJAZ2z8fY,rock,track,König der Welt,2002,6gcMTRWKpeNp9yE3EXPsbh
743,Oskorri,4gmiT7yNuaHkQIAVTXPGwP,rock,track,Zazpi Ahizparen Gai Den Oihala,2002,1pqNKwLID9Jtayay3S5Os3
744,Poleposition,0oqtXbuMuFW7JYZB2KHjKO,rock,track,Tear My Muscle,2002,1N6BmrZ0CK9Djf6JPqm4sq
745,Charlie Monttana,6hszx52doSbSMupWHUGdTv,rock,track,Happy o Uyee - En Estudio,2002,7DP9bVootoI7yW3F5ni4K3
746,Split 77,3EsTa4EdPMS7i2vn2NTGbv,rock,track,O.H.O,2002,2cX7lFRJ3ZBlJEUd7rRpxi
747,Gloria Gaynor,6V6WCgi7waF55bJmylC4H5,rock,track,Runaround Love - Re Recording,2002,4t5rWhaejK9tGiWhGoXdq1
748,Barry Adamson,4xoV3kh3rwrWaPc17zyDyY,rock,track,Whispering Streets - Aim Remix,2002,10yiMBBTR5cOtCI5U6rGDJ
749,Марія Бурмака,2UMSihTH3Z8XpCGKjjceIs,rock,track,На півдорозі,2002,2lTkBK7pxApWwnKRnAby3e
750,The Drugs,6e6vN9x2CDRbcUW3YsMuCB,rock,track,Sons Of Heir Supplie,2002,4KY7xNI4f1FLx7IyttcxtA
751,Knievel,1OiqNhn6gYFm42zJ0C3hO0,rock,track,Faces on the Journey,2002,0OykRii8qbB0H4V9BG0pTI
752,I-Roy,3sILhd3JYkhVDMy7CVhpZ7,rock,track,Bedwood in August Town,2002,2hnC4K0PpfF5SvEsisAUZk
753,The Kinks,1SQRv42e4PjEYfPhS0Tk9E,rock,track,I Took My Baby Home,2002,41yi3VkAmCsKFBrn6FDxUc
754,Don Vilanova Botafogo,74iLgy7TMiwthOGMfGob53,rock,track,Oopin Doopin - Vivo,2002,1r93jrNhmqJsz0zPZ8UoDj
755,PREMIER,2RxnWPgHZC8C17FRcwHRc2,rock,track,Moje Tvoje,2002,3M09JvAtgV6Se3gfJ2xGni
756,Corazones Muertos,2imezOAIpxR4Tg1J4YIKz4,rock,track,Los Perros,2002,1azDF6p7BhsHOSQ7Urx3md
757,Katteni Shiyagare,5lTLTAqKUfxarbtS8Tq6zJ,rock,track,ツィゴイネルワイゼン,2002,4sA0VfTxjeUaVVLT7XO7CK
758,Gal George Gjurin,37eU7Xp1a4WIQHtWioVH7O,rock,track,VII.,2002,7GZaEXNeB2oqFH0RXCCmiv
759,need new body,1uVW1I12W5nTeCGKiGv8zu,rock,track,Black Kite,2002,4aZV8s5h3siHxiCQfbTJTX
760,Valgeir Guðjónsson,4tpXEYzj4AQDrxkZnoLTCP,rock,track,Enn,2002,1dR5jIN7BoYaE7gCYp8sUX
761,Alejandro Ferradas,7ePb9NPX66NulKDikcd0yf,rock,track,El Último Bastión,2002,3Z0cdLLQQxGWHM7j4XWTmJ
762,Gualberto Castro,31YYMJNqlsj6dAlZLjShbC,rock,track,Señora Tentacion,2002,004HRJwDRyOhbEZts42yhq
763,Wayne Watson,7M8NpXAQ8mw9SN4323qa8S,rock,track,Long Way From The Manger - Medium Key Performance Track Without Background Vocals,2002,0hlmG191huLs3XvnajPtHD
764,Bienvenido Granda,4IyPs1rPOAQOnXeqUTjty4,rock,track,La Canción Del Borracho,2002,5ufHdw9STFwDxJKJ1D3Mvn
765,Paul Mark & the Van Dorens,66y2WCQ4qETHElvzZFbfze,rock,track,Vertigo,2002,1DzvXoL3ksFK5u80YWYIY3
766,Jad Fair,3xx5PhUhJZ9ADhd7RlC00C,rock,track,Supreme Beings,2002,4m4EgEOInXywsM6UrYPOQY
767,The German Art Students,1zoUebLGBym3d45p2euPJa,rock,track,Left Of Center,2002,4oNGEWWhPTcJZ4MCMhDFw2
768,Ray Campi,1dCuGaCG60TlWCLjFJ69N3,rock,track,My Prayer,2002,6QOP3Dr8UZXl7XMIlWLfyP
769,Uncle Carl,3Iobc4H3XViQdCijiN4bYL,rock,track,This Ain't No Sentimental Journey,2002,312SM8Vbx5HHEWcB7M7HCO
770,Gal George Gjurin,37eU7Xp1a4WIQHtWioVH7O,rock,track,XIX.,2002,0BR2HydRZtwU9iyDez8YUD
771,Wolf Eyes,6UahQwC9EZGsFSuGjHJNe1,rock,track,"Black Rat Floods, No. 2",2002,5iPZaMZNQIE9AuAPbDouP9
772,Monna Bell,2aJtGPY592hgmkGzD9oleC,rock,track,Lazarillo (Fox) - Remastered 2015,2002,7CkddBeQyzl7i8cKJMFjQD
773,Cybele,20RLyyffl1qF6k7LbwinYy,rock,track,Drowning,2002,1RFzH6vvIosDvuL1vVhbYq
774,Rip KC,6piTdkHtn8vYUt8bdOv58V,rock,track,Turbulence,2002,5bjBzKpd2j5FR3DlbfwjQ7
775,Chorchestr,21xP4E2nmnIdJRu0KPqn5b,rock,track,Mathar,2002,0y71x8mAwdL7QQpF1KTIHD
776,Margaret Becker,7tNMj4uHWrbKEWCAzhHaqa,rock,track,O For A Closer Walk With God,2002,4lCIAykBUoHm1HZSOtBink
777,Stafrænn Hákon,5UhutL4dtFLBmnhhbOtIGT,rock,track,E.K - 2022 Revised,2002,0mqmeXdjJipsKwOxvzoPf8
778,Virginia Lopez,3vEgzbeKwiwMKhpjdJ4xpS,rock,track,Campanitas De Cristal,2002,4yXoF2L5wfxPQvKepvq9Jb
779,Los Dandys,1orbu8WOc4EtKxQsfNNEZK,rock,track,Ojos Cafés,2002,19geh5uLew0PG7oRtDKJ0I
780,Art Zoyd,3UGoJfjsENJ0x9rVckIuOg,rock,track,L'homme mince,2002,48UbiOIy01F4XQgpa7XTid
781,Frank Ifield,4IYYmybW7zLRFIPnOjBUUO,rock,track,Troubled Heart - 2002 Remastered Version,2002,2WdIqFbWM3NwfLtHsBlTU6
782,7 Foot Jr.,3hfghJUwR2o0MQOkvmPW0E,rock,track,Mahiwagang Oo (Radio Edit),2002,0oKiP4a8pjNfGUzuJ2E2rb
783,Avalon,4rulVipLmUL2Mg67SIUmCO,rock,track,Don't Save It All For Christmas Day - Performance Track In Key Of Db/Eb Without Background Vocals,2002,1aJnh3yujJsUT0rxGaSiDq
784,Stray,4rOINXROgN1sxSCQWHky1k,rock,track,"Home - Live at the Robin Hood R'n'b Club, Brierley Hill, 21/01/2002",2002,2v96t2kDjxS0l07xwxSuzN
785,Ty Syčáci,4ZQAmIKhpZqEber8eWAcEC,rock,track,Samson,2002,3d3ZMbpWMngfG8Qi2wXe5y
786,Alexis HK,4cdkYUFAZumsOU73JrhUg0,rock,track,Diable attend - Version instrumentale,2002,5xNRnTk7y0GfzUEUy0QnO0
787,Maarit,0cDU5ze2NWQhHY8uAupcS6,rock,track,Hiekka ja meri,2002,5KDPLC0gvhSJd74nV5PDV3
788,El Aire,7IY7dwkHGtrCkba9igVLz8,rock,track,(COMM CUT) .../ Des - Comunicación Corrupta,2002,6FJmrVS9qx4uVnRY9uWdsP
789,Jesus Jones,0roeI3yPusDWwWRzAqTopw,rock,track,The Next Big Thing,2002,33GDHeDoi0Gj8ayMuWXXJG
790,Mark Wynter,3OBsMrq6yrP1a3kSi1Acte,rock,track,She's a Woman Now,2002,10bE1sIA6H023RsdTxQHtC
791,The Drugs,6e6vN9x2CDRbcUW3YsMuCB,rock,track,I Think I Know,2002,2hrsECq0GgKYUQPmHUxmdx
792,Andrej Šifrer,1zTEZLTLJC2BSWzaCiAgvx,rock,track,Pesem za Tadejo,2002,5raFqX76eKuOsFIutNddsu
793,Litto Nebbia,2SpMjzpc9CfI6WWtwdToiA,rock,track,Campo Adentro,2002,5iQ0DZqehge0EqL3KENcCq
794,Gal George Gjurin,37eU7Xp1a4WIQHtWioVH7O,rock,track,X.,2002,5slQYfVIJumFAuICPScyaE
795,Herrumbre,7BNcQxwJJffQ8tvl6f0LcC,rock,track,Sangre Combativa,2002,4F4kBHHjGuMWPpBgn4OFtQ
796,Henk Westbroek,178yD2iAVWr5qYldTaWBA2,rock,track,Ieder Voor Zich - Bonus Track,2002,0y0ovLTc9S8kJKOmqiTkzg
797,Cabaret Voltaire,2kS4yz85MaZlxp2VaS3BEe,rock,track,Hells Home,2002,4nygD8ex572srFhcidprXn
798,Maarit,0cDU5ze2NWQhHY8uAupcS6,rock,track,Sillan teen,2002,292nHGXreWDUEjmdEP9azJ
799,"Quico El Célio, El Noi I El Mut De Ferreries",5LOckPuG4JKRzJfJoYZT2w,rock,track,Un Prodigio d'extrema Hermosura,2002,0msbQUl9XxEr70jRDKJko3
800,Vibracathedral Orchestra,6GsO5IUaiXIklNxtYLzxWw,rock,track,Going out Intending to Dig,2002,0kf4hJC2KbUBjIGaebfnQZ
801,Barry Manilow,3alW3LYQS8K29z8C8NSLIX,rock,track,Winter Wonderland,2002,6bFZdtafnvXFBJgkCpmKgT
802,Bob Karwin,3Fat9uTejXtMkTkgDx4Dga,rock,track,Treehouse,2002,2l7TH6nyh1UcAa1GFPDawU
803,Ville Leinonen,660m6V2ud7yfLlczwdsmae,rock,track,Tuo 2,2002,7BbYnHVfwG8AtLt0uo9kwy
804,My Friend The Chocolate Cake,2i09vMNz2QuvFpldzhFdvA,rock,track,Swirl,2002,6XtTCxF0ToV6KsxdrlVtnU
805,PREMIER,2RxnWPgHZC8C17FRcwHRc2,rock,track,Replika,2002,5upH90ZMNo1vc0ShQFw7yG
806,Ty Syčáci,4ZQAmIKhpZqEber8eWAcEC,rock,track,Podzimy,2002,1gTHQoU40ce8jFy26nub8F
807,Limon Sutil,2swIabh5PQDY7kzfI5D34P,rock,track,Ciclos,2002,6empdaBSEKjdMX8nfVOdwN
808,Regev Hod,0Fhli3d4ykenPL9cA8RYay,rock,track,אני דוהר,2002,0WxcOCJL5IWJZ9sbzUbMEH
809,Such A Surge,0MBcy6D2CyFXBHBUEWTtny,rock,track,Gib mir mehr,2002,3wxOrP76Tjy1gCoDJ8e47R
810,Lame Ducks,0iBzajstZEssaSReN6orWB,rock,track,War,2002,39Yn6NEkVQJDfkyaG0Vofa
811,Giorgio Gaber,7sjeFi52xnDK82OfIhUOqU,rock,track,Quei Capelli Spettinati,2002,4eHJzNeKHUG4nV4TZt9N3C
812,Even,0VHnEIVMeX4v5PPCbAMO2u,rock,track,Same Again,2002,6gJ3x9tdxRfa0QB1dCAouF
813,Bienvenido Granda,4IyPs1rPOAQOnXeqUTjty4,rock,track,Lo Que Será,2002,02s6LIt1xOWTByE1Lc7Tn6
814,The Searchers,4QmkLL9JOqM9dusHS1Hghe,rock,track,I Count the Tears (Stereo),2002,1Eemm2nBrY3ySv5VoXlHZU
815,Stormy Mondays,2npSrKhYzpMiU2URsAvfiR,rock,track,Here She Comes,2002,2VWso8JnorodApOrBghYim
816,Зимовье Зверей,6khUesL6rg4hWPMjpeFuDd,rock,track,Монолог о языке,2002,3oH4SG2uvk4ljiZQzBAfJr
817,Tupamaros,7GP4CEx224ccPgW6paHQwQ,rock,track,Il canto delle sirene,2002,7wsGDLnBRp3FBfWmU4PJFN
818,Erick Hovey,1vfmtUX45MnLg9K9mKHTTd,rock,track,Fool Like Me,2002,4Mt1POH5go09ZZhURMyJYk
819,Appliance,3b8HfZUCNH3rZ75AdoZKa1,rock,track,Bruises,2002,6r6LwLon53XLsu9Dr3gA1k
820,Levente Szörényi,1wSiwCT35lsFN33eg4P6pX,rock,track,Szondi két apródja,2002,5bu8vjSJmq7dPEk5aTLBoI
821,El Aire,7IY7dwkHGtrCkba9igVLz8,rock,track,En el Kabaret P*to,2002,3Ns2dAOqByAFM8ylW4jzv3
822,Purrkur Pillnikk,0fR58VVRkolDC1orOkycRU,rock,track,Læknir,2002,2nZ1svW7a1TZ1x1ddBiMzc
823,Art Zoyd,3UGoJfjsENJ0x9rVckIuOg,rock,track,Maria robot au bûcher,2002,7MG5iebdJK4uhwyduuqZeq
824,Battery 9,0X0yj1wMDQdK9qzuDH1ofJ,rock,track,Kudu Salad,2002,7t4IC2b4OY79hXYDjub2PB
825,Blackstrap,1OahSxVPfTOtzxpGpKQWXb,rock,track,Ghost Childeren,2002,4p0GtkY0uCS7H7cj2WxUId
826,GOING UNDER GROUND,54noYRWr5aswIlU5enUyWs,rock,track,Himitsu,2002,6oI20WKCSPsZ9nP26RPd5A
827,Jets Under Fire,33ARcFf41IzuW0IccWSUdO,rock,track,Waiting In Shadows,2002,6qR03EA1Vtx8CDtOGrDXIp
828,Los Muecas,6gwYud4hJkX6ApdxYoCi7b,rock,track,Silvia,2002,0U4AXTrxLfujQPpe8P9dJo
829,Bernie Chiaravalle,4xt2hzGfXdXqKR2msI2gOj,rock,track,Someday You Will,2002,6OgRMgpXbqaivIU5ZneRSP
830,Mr. Billy,4fxFKfbEJw27Xe0hvrm3oO,rock,track,Butterfly,2002,1SOMmAtxcZixDpxvVslRTa
831,Marcio Mello,7Ht1ZShcwdYSjkhB111b7s,rock,track,Na Hora da Partida,2002,63dF2CQbEqY8pdXH73Llbd
832,Novi Fosili,4XyooXbbIpOBW6aUKc53zN,rock,track,Milena,2002,2sRpg3G2SZrDljzUz2v7ev
833,The Great Luke Ski,6z8mpOTKfazNFd6OWD72Td,rock,track,Frat Boys,2002,6zPOhIFIq6KZ1DvjVTZr9C
834,Oskorri,4gmiT7yNuaHkQIAVTXPGwP,rock,track,Ene Maite Bitxia (Play Back),2002,0ca2FjHYn4P0TG80mfF6Iz
835,Art Zoyd,3UGoJfjsENJ0x9rVckIuOg,rock,track,Maria-robot,2002,5337bs2pau7bIRUrwUl5nv
836,The Legendary Pink Dots,55XX7sgmxtVFNJnHrQMXh5,rock,track,Cheating the Shadow,2002,7LrpBCCiKCHHWk0RYgIdoN
837,Levente Szörényi,1wSiwCT35lsFN33eg4P6pX,rock,track,Csak egy dal,2002,0fNMjCYG05TJ2tR9woQ9cZ
838,Limon Sutil,2swIabh5PQDY7kzfI5D34P,rock,track,Accidente de Tu Vestido Que una Extraña Noche Se Manchó Con Colores Radiactivos,2002,2ALqgk93kQpgUvcUQPWEEs
839,Vandal X,0CoqyOrLXvkNawK6f3GNZ3,rock,track,Punk Under 13,2002,2IJO5k4NBT9RZ4i9gAjesu
840,Leslie Smith,3gXcQy9OwPfnfMVgyJhB3d,rock,track,Need A Rainy Day,2002,30c7jJ9M76vJycrZntQZ3b
841,Novi Fosili,4XyooXbbIpOBW6aUKc53zN,rock,track,Kad Naš Brod Plovi,2002,0l6W3W50EP2UswCF2EUHCs
842,НОМ,21mYXgHSQ5WFzOsKQAOAdv,rock,track,Пустые консервные банки,2002,6LSl2dtVD0AHIUf1hXYqa5
843,Bilge Pump,1nnadLlHnjwJVPX9EP0bsk,rock,track,Up The Nest,2002,6f9ZtZYZy8tZhKKKZDBvLj
844,Dennis Brown,0UmBaQJflaHddKtf1lrA6F,rock,track,I'll Never Fall In Love Again,2002,4n461SuOsKwNr9PWVnJg8q
845,sleepy.ab,6K5m40eGoEYPBOg7hSLjwy,rock,track,face the music,2002,4nMJaIuRdvCyvOwPVtaDzb
846,Lukie D,2LMtb7Pl4o1lBqKug4o5l7,rock,track,More Girls,2002,5Lc3iH4xyqRRJv5BeZPCHM
847,Madera Rock,24W4c9EbkLLQ0QXBr2c91U,rock,track,Perdido,2002,1T0bV4lOqjj2Q1geqTXjrH
848,Jad Fair,3xx5PhUhJZ9ADhd7RlC00C,rock,track,Supreme Beings,2002,4m4EgEOInXywsM6UrYPOQY
849,Verstärker,5iISvBYqGsQh8BLUROm9C7,rock,track,Ein kleines Herz,2002,05wPkandEGPAfZ1UZ1GDOG
850,Paul Mark & the Van Dorens,66y2WCQ4qETHElvzZFbfze,rock,track,Monkey In The Box,2002,3KRi0BXZqSyTSKUoqRkWec
851,Tenpel,49JkDTOp9Qqf1AAYkczQA4,rock,track,Rottes Tag,2002,1U0AV4RkZcf4Trcd9B4d1v
852,Ray Campi,1dCuGaCG60TlWCLjFJ69N3,rock,track,My Prayer,2002,6QOP3Dr8UZXl7XMIlWLfyP
853,Alms for Shanti,7ct9lpuVL26xL8MI2SIK79,rock,track,Aum Namah Shivay,2002,5MyuGFiOZjNH8Q0rBJjnTi
854,Sugar Minott,6iTD167bhyfYwEd7fd2bGn,rock,track,King Son,2002,62iQIxw530B5TSmFeU82fG
855,The Sensations,79xDv2cFR1OcGwUgkaqjU7,rock,track,Loving Cajun Style,2002,2h47bbuOaVQc7Ts4Dsth1f
856,Taxband,6O7zwRjjlR7QQmpRseKUXp,rock,track,Farol Fulia,2002,3WMPaqsBfERhA8dVroj09S
857,Melys,093j7LyELr49EnkVM8kdSx,rock,track,Take Me Out,2002,4PJpIYwpOBjWBK9Jt9mE94
858,Oreo Blue,2e3pPPWyooDPeoXdTzzjy0,rock,track,Blues Thang',2002,1bzrHUcUZ7XaXv6rpoLAOj
859,Moly,259aVU6QMHVS0sOhbDRR5g,rock,track,I Won't Hurt You,2002,4mo3epHBP71VwP5rWOm8zb
860,Landing,6jrhwgDm1EcvFgDJoo8eY1,rock,track,I Missed It,2002,56POFbxsyfwrB23MoeFme5
861,The Story Of,2FLHlNDDUXJWQgFe5v3Pty,rock,track,"ATP, Pt. 1",2002,6uf20VSHj3vgkxSESFCGTP
862,Udo Lindenberg,7iWcRnQMinCoV2u5ICgsW0,rock,track,Ein Koffer spricht,2002,2hESSC1h7uFqzk6Z0SKQOX
863,Will Handsome,612KdPzwcv9LyyouC6r1Qu,rock,track,"Lawdy, Miss Clawdy",2002,2BUtHO3PWlfJgxxoeaFLYE
864,The Harmonica Pocket,4v9cwVM0AQC2tF9dkJXC3N,rock,track,The Radio,2002,2hwN0VPdf3YpcADzmZMjLT
865,Art Zoyd,3UGoJfjsENJ0x9rVckIuOg,rock,track,Le prêche contre les machines,2002,0fNVFelvsKQhMervMT3WNS
866,Vandal X,0CoqyOrLXvkNawK6f3GNZ3,rock,track,Not You,2002,4T1YtwORJTWJPIRCD2fsXx
867,Frank Ifield,4IYYmybW7zLRFIPnOjBUUO,rock,track,No Need To Cry Anymore - 2002 Remastered Version,2002,1wZ5qqedeySDyhZs7gyGXB
868,Levente Szörényi,1wSiwCT35lsFN33eg4P6pX,rock,track,"Rég volt, szép volt",2002,77rhSyEIeKse6nW235Wlx1
869,Junior Kelly,20aXKBdnVocEWJQjDyddN9,rock,track,Lock Down,2002,6LSk1DJEt4taSuG5eDaf0e
870,Maria Montell,4JXNI6kSpAzQSNTQSIxmcv,rock,track,I Don't Wanna Be Alone Tonight,2002,6KF3VGsgscQ1ThBd17I5a6
871,Vandal X,0CoqyOrLXvkNawK6f3GNZ3,rock,track,Evil Man Son,2002,0VINqUGxo6UKoWtHZW9P8z
872,Alastair Moock,5NwLASbIjDj6FUgaEa1NMz,rock,track,Nothing In This World,2002,4nNo79o8j4HX7ZWi5ecYSD
873,Gabi Novak,7jtZnkE8PFThRqiO2PQUjM,rock,track,Slavit Ćemo Sami,2002,4Ne73GjmGtljHSpBDppjFe
874,Mikhail Krug,4KplcmUZdFxGJoZm65B3Vo,rock,track,"Девочка-пай - Live Студия ""Ночное Такси""",2002,61yTGq05czczkYtoFcuNLR
875,Oreo Blue,2e3pPPWyooDPeoXdTzzjy0,rock,track,Things I've Done And Seen,2002,1kBcOPrSmv9CKoUxAwTfG5
876,The Five Satins,2YP02JRa1JLejrg3XTssJS,rock,track,Love With No Love In Return,2002,5WjWUIEomBp7xuxUtEGlIu
877,MQN,4WAVFU5n12oaPga0foAR9E,rock,track,Hell's Party,2002,4khPcEqpqpuBMpA3aMM3db
878,Выход,0WYGRxUUaoui4rXVKsjL0w,rock,track,Дьявол знал,2002,2v3G044mHKHbKBe9Mqb6Gk
879,PornoGraffitti,5jQa0f5MIMPEK7udL7UpI6,rock,track,クリスチーナ,2002,0kAeeMq9588yQBAIRZDtzf
880,Andrej Šifrer,1zTEZLTLJC2BSWzaCiAgvx,rock,track,Karneval - Instrumental,2002,04LxaTi2Z52qkHiDETSPk3
881,Landing,6jrhwgDm1EcvFgDJoo8eY1,rock,track,Meisha,2002,6KJFBPGUDqokiulhP7SJ8c
882,Kumma heppu & lopunajan voidellut,7v28UaJrjFLXTt2NcE7KJ5,rock,track,Etelään,2002,0yCXyHj1v2giGoz1cR5trB
883,Ty Syčáci,4ZQAmIKhpZqEber8eWAcEC,rock,track,Oheň na východě - Volá Brno,2002,7iV7pGoH8wMWbboNMtDoIX
884,The Dudley Corporation,7Ch6Iyny8xZOqGcKbg1TEd,rock,track,Quick,2002,7jES0DzrtsxUyPbAQo5FMU
885,Erick Hovey,1vfmtUX45MnLg9K9mKHTTd,rock,track,Bondo Bondo,2002,0oCHpGDsNjarfcbFWWJy0Y
886,Zabrinski,0EQAhHbKRTyk8U8tMe7oEt,rock,track,Raid the Farm,2002,65sbyzQ3nGdBwvUVYFicl9
887,The Buckfever Underground,64CsQDGZFx0ejzIy8VFaI9,rock,track,Die Ou Man En Die out Vrou,2002,0GVSbDqZKjHevLzIffCwT3
888,Angelica Maria,4mQmpDH2FfT9FjSnAJV3U1,rock,track,Sueña,2002,2gBrQMOPlQ2DhDeJS4nuJr
889,Wayne Watson,7M8NpXAQ8mw9SN4323qa8S,rock,track,Climb On Up,2002,4BiiwmW1jzQyyWZjfg1NnP
890,The Indulgers,1pBr7F4Z9UlvJ1DHTrxde9,rock,track,Like Thise Who Went Before,2002,6BFhulc1QOCsYWYgA6gZDv
891,Marco Minnemann,75pZ3Qa05TBaCqCfg6zO4I,rock,track,Scheme 2,2002,4A33NkcvO9LYpb7YBuWruY
892,The Sleepy Jackson,4p8paFuSiFNTvYFXNr5kIr,rock,track,Fill Me With Apples,2002,5BpFLbmIHweO77rX8bUTME
893,Marco Minnemann,75pZ3Qa05TBaCqCfg6zO4I,rock,track,Coda,2002,4Xo3SqH0TOm3G8qNIqOgn5
894,Herrumbre,7BNcQxwJJffQ8tvl6f0LcC,rock,track,Currujo,2002,0njFdnnyCtlY043xLd5Es5
895,Karne Krua,7yD4s20G4ItK6z3q9f4nnW,rock,track,Mancha de Sangue,2002,11xHx4Fxfwf10j0o03wrpz
896,Manfred Krug,7uCkE8CKyclbxRI6tVXAhv,rock,track,"Stille Nacht, heilige Nacht",2002,0v5Hyn2GmfkLazYLkdggoe
897,Icecream Hands,5zORi2KMYfVxKTTS5ERz2I,rock,track,The Diplomat's Daughter,2002,1ATzdKBApA9DUJp54QM0HY
898,The Laurie Berkner Band,6T2pk5T8c4Wi61x1v84sUa,rock,track,Untitled,2002,1AUpbVsD0fmBwD5FADtalc
899,Madera Rock,24W4c9EbkLLQ0QXBr2c91U,rock,track,Buena Suerte,2002,7J8eE5jNWJoKk2LMfJTme8
